row_id,priority,original_title,canonical_title,status,confidence,duplicate_of_row,semantic_scholar_paper_id,semantic_scholar_corpus_id,semantic_scholar_url,doi,arxiv_id,ssrn_id,pubmed_id,pmcid,nber_id,openreview_id,world_bank_handle,repec_id,external_url,s2_api_lookup_key,resolver_notes,original_notes,system_use
1,A,The Impact of AI on Developer Productivity: Evidence from GitHub Copilot,The Impact of AI on Developer Productivity: Evidence from GitHub Copilot,S2_RESOLVED,HIGH,,15abedb29536d50afeeec739a25358255cbda3e8,256826778,https://www.semanticscholar.org/paper/15abedb29536d50afeeec739a25358255cbda3e8,,2302.06590,,,,,,,,,CorpusID:256826778,Semantic Scholar page and BibTeX expose CorpusID 256826778 and arXiv abs/2302.06590.,Core controlled productivity experiment; GitHub Copilot users completed coding work faster.,High-priority positive seed for developer productivity and SDLC tooling.
2,A,Experimental Evidence on the Productivity Effects of Generative Artificial Intelligence,Experimental Evidence on the Productivity Effects of Generative Artificial Intelligence,S2_RESOLVED,HIGH,,8d020275181c69e5e768c6ffc40e09710a6f54f1,257394529,https://www.semanticscholar.org/paper/8d020275181c69e5e768c6ffc40e09710a6f54f1,10.1126/science.adh2586,,,,,,,,,,CorpusID:257394529,Semantic Scholar page exposes DOI and CorpusID.,Noy & Zhang writing/productivity experiment with professionals; strong evidence for AI improving knowledge-work writing speed and quality.,"High-priority seed for analyst, documentation, policy, and communication work."
3,A,How Will Language Modelers Like ChatGPT Affect Occupations and Industries?,How Will Language Modelers Like ChatGPT Affect Occupations and Industries?,S2_RESOLVED,HIGH,,35285ee3056d32f8ed5bc1fee6c3aa70afadd108,257280473,https://www.semanticscholar.org/paper/35285ee3056d32f8ed5bc1fee6c3aa70afadd108,10.2139/ssrn.4375268,,4375268,,,,,,,,CorpusID:257280473,Semantic Scholar page exposes SSRN DOI and CorpusID.,"Occupation and industry exposure mapping by Felten, Raj, and Seamans.",Use for workforce strategy and prioritization of exposed roles.
4,A,Navigating the Jagged Technological Frontier: Field Experimental Evidence of the Effects of AI on Knowledge Worker Productivity and Quality,Navigating the Jagged Technological Frontier: Field Experimental Evidence of the Effects of AI on Knowledge Worker Productivity and Quality,S2_RESOLVED,HIGH,,409dc9f1801947f85c53231cba346f0e314cb208,262199478,https://www.semanticscholar.org/paper/409dc9f1801947f85c53231cba346f0e314cb208,10.2139/ssrn.4573321,,4573321,,,,,,,,CorpusID:262199478,No canonical identifier verified in this pass. Use the bulk resolver script to resolve via Semantic Scholar Graph API and title matching.,BCG consultant experiment; central source for the “jagged frontier” idea.,Probably the single most important enterprise-AI seed paper in this corpus.
5,A,Generative AI at Work,Generative AI at Work,S2_RESOLVED,HIGH,,5a23a489bb9e742edacc8b8e778b06e1594365d3,258298324,https://www.semanticscholar.org/paper/5a23a489bb9e742edacc8b8e778b06e1594365d3,10.3386/w31161,,,,,w31161,,,,,CorpusID:258298324,No canonical identifier verified in this pass. Use the bulk resolver script to resolve via Semantic Scholar Graph API and title matching.,"Brynjolfsson, Li, and Raymond; real-world deployment evidence among customer-support agents, with larger gains for less-experienced workers.",Core “AI as skills leveler” seed.
6,A,The Cybernetic Teammate: A Field Experiment on Generative AI Reshaping Teamwork and Expertise,The Cybernetic Teammate: A Field Experiment on Generative AI Reshaping Teamwork and Expertise,S2_RESOLVED,HIGH,,b348497213ac8574c4ba8c85f2be6d26fdb04207,277656732,https://www.semanticscholar.org/paper/b348497213ac8574c4ba8c85f2be6d26fdb04207,10.2139/ssrn.5207588,,5207588,,,,,,,,CorpusID:277656732,No canonical identifier verified in this pass. Use the bulk resolver script to resolve via Semantic Scholar Graph API and title matching.,"P&G field experiment on individuals, teams, functional expertise, and AI.",High-priority seed for team design and operating-model implications.
7,A,The Effects of Generative AI on High-Skilled Work: Evidence from Three Field Experiments with Software Developers,The Effects of Generative AI on High-Skilled Work: Evidence from Three Field Experiments with Software Developers,S2_RESOLVED,HIGH,,e32ac471784fc37e1515f4e6ec7aaf4574bf4c7a,276405558,https://www.semanticscholar.org/paper/e32ac471784fc37e1515f4e6ec7aaf4574bf4c7a,10.2139/ssrn.4945566,,4945566,,,,,,,,CorpusID:276405558,No canonical identifier verified in this pass. Use the bulk resolver script to resolve via Semantic Scholar Graph API and title matching.,Developer field experiments across large organizations.,"Route strong follow-ons to engineering, SDLC, and developer-experience teams."
8,A,AI Assistance in Legal Analysis,AI Assistance in Legal Analysis,EXTERNAL_ID_ONLY,MEDIUM,,,,,10.2139/ssrn.4539836,,4539836,,,,,,,,DOI:10.2139/ssrn.4539836,SSRN DOI resolved; Semantic Scholar paper ID not verified in current pass.,Legal reasoning and skill heterogeneity; useful for compliance-style reasoning.,Also seed in legal/compliance folder.
9,A,"AI-Powered Lawyering: AI Reasoning Models, Retrieval Augmented Generation, and the Future of Legal Practice","AI-Powered Lawyering: AI Reasoning Models, Retrieval Augmented Generation, and the Future of Legal Practice",EXTERNAL_ID_ONLY,MEDIUM,,,,,10.2139/ssrn.5162111,,5162111,,,,,,,https://papers.ssrn.com/sol3/papers.cfm?abstract_id=5162111,DOI:10.2139/ssrn.5162111,SSRN paper. Published version may have DOI 10.1177/2755323X261427048; keep SSRN DOI as source-of-record seed.,RAG versus reasoning model versus no-AI legal-task experiment.,Highly relevant to regulated knowledge work and retrieval design.
10,A,Evaluations at Work: Measuring the Capabilities of GenAI in Use,Evaluations at Work: Measuring the Capabilities of GenAI in Use,S2_RESOLVED,MEDIUM,,e92f4594f0560bf3f216d3936cad3957a070a224,,https://www.semanticscholar.org/paper/e92f4594f0560bf3f216d3936cad3957a070a224,,,,,,,,,,,S2PaperID:e92f4594f0560bf3f216d3936cad3957a070a224,Semantic Scholar paper hash verified; CorpusID not exposed in current pass.,Real-work evaluation framework; financial-professional valuation-style tasks.,High-priority seed for enterprise evaluation harnesses.
11,B,Scaling Laws for Economic Productivity: Experimental Evidence in LLM-Assisted Translation,Scaling Laws for Economic Productivity: Experimental Evidence in LLM-Assisted Translation,S2_RESOLVED,HIGH,,34602e489a5f2de5ce28ee5ec1d10a5f7d4460cf,272397873,https://www.semanticscholar.org/paper/34602e489a5f2de5ce28ee5ec1d10a5f7d4460cf,10.48550/arXiv.2409.02391,2409.02391,,,,,,,,,CorpusID:272397873,No canonical identifier verified in this pass. Use the bulk resolver script to resolve via Semantic Scholar Graph API and title matching.,Model scale and human productivity in translation; illustrates that frontier models can have materially different economic effects.,Use as productivity + scaling bridge seed.
12,B,Selection with Variation in Diagnostic Skill: Evidence from Radiologists,Selection with Variation in Diagnostic Skill: Evidence from Radiologists,S2_RESOLVED,MEDIUM,,e96d1f1a150a0308e698b25fb055960b7e71c6af,,https://www.semanticscholar.org/paper/e96d1f1a150a0308e698b25fb055960b7e71c6af,,,,,,,,,,,S2PaperID:e96d1f1a150a0308e698b25fb055960b7e71c6af,Semantic Scholar paper hash found by exact-title search; CorpusID not captured in this pass.,Non-AI but relevant for expert skill variance and selection in high-stakes domains.,Useful as analogical seed for expert-AI supervision.
13,B,"People and Process, Suits and Innovators: The Role of Individuals in Firm Performance","People and Process, Suits and Innovators: The Role of Individuals in Firm Performance",S2_RESOLVED,HIGH,,ec07da531b0d42408fd024b62ffa6af7a37ab3ef,115133479,https://www.semanticscholar.org/paper/ec07da531b0d42408fd024b62ffa6af7a37ab3ef,,,,,,,,,,,CorpusID:115133479,No canonical identifier verified in this pass. Use the bulk resolver script to resolve via Semantic Scholar Graph API and title matching.,"Mollick's own management research; reflects his pre-AI lens on individuals, organizations, and firm performance.","Use sparingly as taste-modeling context, not AI monitoring."
14,B,Promotions and the Peter Principle,Promotions and the Peter Principle,S2_RESOLVED,HIGH,,48fd96b2e3ad1071a4d8cd488784759493509bb5,32679540,https://www.semanticscholar.org/paper/48fd96b2e3ad1071a4d8cd488784759493509bb5,,,,,,,,,,,CorpusID:32679540,No canonical identifier verified in this pass. Use the bulk resolver script to resolve via Semantic Scholar Graph API and title matching.,Management/organization-theory orbit; useful for human capital and promotion risk analogies.,Low-volume management context.
15,B,Falling Asleep at the Wheel: Human/AI Collaboration in a Field Experiment,Falling Asleep at the Wheel: Human/AI Collaboration in a Field Experiment,AMBIGUOUS_OR_CATEGORY,LOW,,,,,,,,,,,,,,,,This appears to be a phrase/theme from Mollick commentary rather than a verified canonical paper title; likely refers to row 4/jagged-frontier overreliance findings.,Phrase associated with human overreliance and jagged frontier discussions.,Verify exact title/version before high-weighting.
16,C,From Generative Pre-trained Transformer to General Purpose Technology,From Generative Pre-Trained Transformers (GPT) to General Purpose Technologies (GPTs): A Review of AI Impacts and Policy Issues,S2_RESOLVED,MEDIUM,,32fe9273e8dcb42d78e0676018c71fd27a31740b,260138825,https://www.semanticscholar.org/paper/32fe9273e8dcb42d78e0676018c71fd27a31740b,,,,,,,,,,,CorpusID:260138825,No canonical identifier verified in this pass. Use the bulk resolver script to resolve via Semantic Scholar Graph API and title matching.,Public comment/reference ecosystem; useful general-purpose technology framing.,Use as weak expansion seed.
17,A,Using Large Language Models for Idea Generation in Innovation,Ideas are Dimes a Dozen: Large Language Models for Idea Generation in Innovation,S2_RESOLVED,HIGH,,ed7c053b38074003bfb947c78373f69598b960b8,260467886,https://www.semanticscholar.org/paper/ed7c053b38074003bfb947c78373f69598b960b8,10.2139/ssrn.4526071,,4526071,,,,,,,,CorpusID:260467886,No canonical identifier verified in this pass. Use the bulk resolver script to resolve via Semantic Scholar Graph API and title matching.,GPT-4 and product idea generation; Wharton-style innovation evidence.,High-priority creativity and product-ideation seed.
18,A,The Crowdless Future? Generative AI and Creative Problem Solving,The Crowdless Future? Generative AI and Creative Problem Solving,EXTERNAL_ID_ONLY,MEDIUM,,,,,10.1287/orsc.2023.18430,,4533642,,,,,,,,DOI:10.1287/orsc.2023.18430,Journal DOI verified from title/source context; Semantic Scholar ID not captured in current pass.,AI versus crowdsourcing and creative problem solving.,"Seed for innovation, crowdsourcing, and R&D workflows."
19,A,Generative Artificial Intelligence Enhances Creativity but Reduces the Diversity of Novel Content,Generative Artificial Intelligence Enhances Creativity but Reduces the Diversity of Novel Content,EXTERNAL_ID_ONLY,MEDIUM,,,,,10.1126/sciadv.adn5290,,,,,,,,,,DOI:10.1126/sciadv.adn5290,Science Advances DOI for Doshi & Hauser creativity/diversity paper; S2 ID not captured in current pass.,Doshi and Hauser; AI raises individual creative quality but reduces diversity.,Important for enterprise homogenization risk.
20,A,ChatGPT decreases idea diversity in brainstorming,ChatGPT decreases idea diversity in brainstorming,S2_RESOLVED,HIGH,,000c094c51c9fa57cb008aa097a4109bdc75583f,278632680,https://www.semanticscholar.org/paper/000c094c51c9fa57cb008aa097a4109bdc75583f,10.1038/s41562-025-02173-x,,,,,,,,,,CorpusID:278632680,No canonical identifier verified in this pass. Use the bulk resolver script to resolve via Semantic Scholar Graph API and title matching.,AI may reduce variance or diversity in brainstormed ideas.,Use as negative/control seed for creativity workflows.
21,A,Prompting Diverse Ideas: Increasing AI Idea Variance,Prompting Diverse Ideas: Increasing AI Idea Variance,S2_RESOLVED,MEDIUM,,d203b3a1c7e2e2be27bbacd3d2eb174e58670b5e,,https://www.semanticscholar.org/paper/d203b3a1c7e2e2be27bbacd3d2eb174e58670b5e,,,,,,,,,,,S2PaperID:d203b3a1c7e2e2be27bbacd3d2eb174e58670b5e,Semantic Scholar paper hash verified from related-paper link; CorpusID not captured in current pass.,Prompting strategies to increase idea diversity.,Useful for design of AI brainstorming systems.
22,A,Creative and Strategic Capabilities of Generative AI: Evidence from Large-Scale Experiments,Creative and Strategic Capabilities of Generative AI: Evidence from Large-Scale Experiments,S2_RESOLVED,MEDIUM,,b879a30d6d4dda20a541363fb9a821cbdd4f6b88,278340473,https://www.semanticscholar.org/paper/b879a30d6d4dda20a541363fb9a821cbdd4f6b88,,,,,,,,,,,CorpusID:278340473,No canonical identifier verified in this pass. Use the bulk resolver script to resolve via Semantic Scholar Graph API and title matching.,Large-scale experiments on creative and strategic capability.,Good expansion seed for strategy and innovation work.
23,A,An Empirical Investigation of the Impact of ChatGPT on Creativity,An Empirical Investigation of the Impact of ChatGPT on Creativity,S2_RESOLVED,HIGH,,c403fa6edfd563431f0692c749dedbd364e734fe,271857922,https://www.semanticscholar.org/paper/c403fa6edfd563431f0692c749dedbd364e734fe,10.1038/s41562-024-01953-1,,,,,,,,,,CorpusID:271857922,No canonical identifier verified in this pass. Use the bulk resolver script to resolve via Semantic Scholar Graph API and title matching.,Empirical creativity study.,Seed for creativity-effects literature.
24,A,Artificial Muses: Generative Artificial Intelligence Chatbots Have Risen to Human-Level Creativity,Artificial Muses: Generative Artificial Intelligence Chatbots Have Risen to Human-Level Creativity,S2_RESOLVED,MEDIUM,,10a372a03eaf893f126e17f03f203d60164fce7c,257637118,https://www.semanticscholar.org/paper/10a372a03eaf893f126e17f03f203d60164fce7c,,,,,,,,,,,CorpusID:257637118,No canonical identifier verified in this pass. Use the bulk resolver script to resolve via Semantic Scholar Graph API and title matching.,AI performance on divergent-thinking creativity tasks.,Use carefully; benchmark-style creativity results need operational validation.
25,A,The Current State of Artificial Intelligence Generative Language Models Is More Creative Than Humans on Divergent Thinking Tasks,The Current State of Artificial Intelligence Generative Language Models Is More Creative Than Humans on Divergent Thinking Tasks,UNRESOLVED_LOOKUP_REQUIRED,LOW,,,,,,,,,,,,,,,,"Likely a real divergent-thinking paper, but title matching is ambiguous; resolve via API title search before seeding heavily.",AI divergent-thinking benchmark result.,Useful but should be paired with human-work studies.
26,A,ChatGPT-4 Outperforms Experts and Crowd Workers in Creating New Product Ideas,Ideas are Dimes a Dozen: Large Language Models for Idea Generation in Innovation,DUPLICATE_OR_VARIANT,HIGH,17,ed7c053b38074003bfb947c78373f69598b960b8,260467886,https://www.semanticscholar.org/paper/ed7c053b38074003bfb947c78373f69598b960b8,10.2139/ssrn.4526071,,4526071,,,,,,,,CorpusID:260467886,Search variant for row 17 / Wharton product-ideation paper; identifiers inherited.,Search variant related to Wharton product-ideation work.,Use to find canonical version and variants.
27,B,The Entrepreneurial Process: Evidence from a Nationally Representative Panel of Startups,The Entrepreneurial Process: Evidence from a Nationally Representative Panel of Startups,UNRESOLVED_LOOKUP_REQUIRED,MEDIUM,,,,,,,,,,,,,,,,"Likely a real paper/exact title, but no canonical ID was verified in this pass. Resolve with Semantic Scholar title search + author/year validation.",Entrepreneurship process evidence Mollick has discussed in broader entrepreneurship contexts.,Verify exact title/version before high-weighting.
28,B,Founder Action Graph / Founder action-sequence papers by Victor Bennett and Aaron Chatterji,Founder Action Graph / Founder action-sequence papers by Victor Bennett and Aaron Chatterji,AMBIGUOUS_OR_CATEGORY,LOW,,,,,,,,,,,,,,,,Not one paper title. Use author/topic search for Victor Bennett + Aaron Chatterji + founder action graph/action sequencing.,Founder behavior and action sequencing.,Search by authors plus “founder action graph.”
29,B,Learning to Become Entrepreneurs: A Randomized Experiment in Uganda,Learning to Become Entrepreneurs: A Randomized Experiment in Uganda,UNRESOLVED_LOOKUP_REQUIRED,MEDIUM,,,,,,,,,,,,,,,,"Likely a real paper/exact title, but no canonical ID was verified in this pass. Resolve with Semantic Scholar title search + author/year validation.",Entrepreneurship education and democratization.,Useful for AI-enabled entrepreneurship education.
30,B,Entrepreneurship education / mini-MBA randomized trial in Uganda,Entrepreneurship education / mini-MBA randomized trial in Uganda,AMBIGUOUS_OR_CATEGORY,LOW,,,,,,,,,,,,,,,,Search variant/category for entrepreneurship training in Uganda; resolve to exact trial paper before ingestion.,Search variant for entrepreneurship training intervention.,Use for discovery if canonical title differs.
31,B,Business training / social skills training for entrepreneurs in Tonga,Business training / social skills training for entrepreneurs in Tonga,AMBIGUOUS_OR_CATEGORY,LOW,,,,,,,,,,,,,,,,Search phrase/category for Tonga entrepreneurship social-skills training; not a canonical paper title.,Entrepreneurship training and social skills intervention.,Search by “Tonga entrepreneurship social skills business training randomized trial.”
32,B,Business skills training for entrepreneurs in Singapore,Business skills training for entrepreneurs in Singapore,AMBIGUOUS_OR_CATEGORY,LOW,,,,,,,,,,,,,,,,Search phrase/category for Singapore entrepreneurship training; not a canonical paper title.,Entrepreneurship training experiment.,Search by “Singapore entrepreneurship training randomized experiment business skills.”
33,A,"Assigning AI: Seven Approaches for Students, with Prompts","Assigning AI: Seven Approaches for Students, with Prompts",S2_RESOLVED,HIGH,,6aa1e50aff42da67933e549ba7c7c46ace652ec2,259203456,https://www.semanticscholar.org/paper/6aa1e50aff42da67933e549ba7c7c46ace652ec2,,2306.10052,,,,,,,,,CorpusID:259203456,No canonical identifier verified in this pass. Use the bulk resolver script to resolve via Semantic Scholar Graph API and title matching.,Mollick and Mollick practical education paper.,High-priority Mollick-authored education seed.
34,A,"Using AI to Implement Effective Teaching Strategies in Classrooms: Five Strategies, Including Prompts","Using AI to Implement Effective Teaching Strategies in Classrooms: Five Strategies, Including Prompts",S2_RESOLVED,HIGH,,2e414cd64b85ed3361f516e605a12d01132ed1e7,257744555,https://www.semanticscholar.org/paper/2e414cd64b85ed3361f516e605a12d01132ed1e7,10.2139/ssrn.4391243,,4391243,,,,,,,,CorpusID:257744555,No canonical identifier verified in this pass. Use the bulk resolver script to resolve via Semantic Scholar Graph API and title matching.,Mollick and Mollick; classroom teaching strategies with AI.,Useful for enterprise AI training design.
35,A,"Instructors as Innovators: A Future-Focused Approach to New AI Learning Opportunities, with Prompts","Instructors as Innovators: A Future-Focused Approach to New AI Learning Opportunities, with Prompts",S2_RESOLVED,HIGH,,552c4f1d22637bbbfdf70dc5cab471e5dca9c7d6,269342362,https://www.semanticscholar.org/paper/552c4f1d22637bbbfdf70dc5cab471e5dca9c7d6,,,,,,,,,,,CorpusID:269342362,No canonical identifier verified in this pass. Use the bulk resolver script to resolve via Semantic Scholar Graph API and title matching.,Mollick and Mollick; instructors redesigning learning around AI.,Good seed for organizational learning and enablement.
36,A,New Modes of Learning Enabled by AI Chatbots: Three Methods and Assignments,New Modes of Learning Enabled by AI Chatbots: Three Methods and Assignments,S2_RESOLVED,HIGH,,f15a1a50bc46dc417f687845db9071d0721b40dc,255123766,https://www.semanticscholar.org/paper/f15a1a50bc46dc417f687845db9071d0721b40dc,,,,,,,,,,,CorpusID:255123766,No canonical identifier verified in this pass. Use the bulk resolver script to resolve via Semantic Scholar Graph API and title matching.,Mollick and Mollick; AI-enabled learning modes.,Good training and simulation seed.
37,A,AI Agents and Education: Simulated Practice at Scale,AI Agents and Education: Simulated Practice at Scale,S2_RESOLVED,HIGH,,d01a7b8b92c9e2b7a841207b03df0ff453d5723f,271270116,https://www.semanticscholar.org/paper/d01a7b8b92c9e2b7a841207b03df0ff453d5723f,,2407.12796,,,,,,,,,CorpusID:271270116,No canonical identifier verified in this pass. Use the bulk resolver script to resolve via Semantic Scholar Graph API and title matching.,AI roleplay/simulation learning.,"Useful for enterprise simulation, manager training, and scenario practice."
38,A,Generative AI Can Harm Learning,Generative AI Can Harm Learning,EXTERNAL_ID_ONLY,MEDIUM,,,,,10.1073/pnas.2422633122,,,,,,,,,,DOI:10.1073/pnas.2422633122,PNAS DOI verified; Semantic Scholar ID not captured in current pass.,Bastani et al.; AI can improve immediate performance while harming learning depending on design.,High-priority overreliance/cognitive-offloading seed.
39,A,Generative AI Without Guardrails Can Harm Learning: Evidence from High School Mathematics,Generative AI Can Harm Learning,DUPLICATE_OR_VARIANT,MEDIUM,38,,,,10.1073/pnas.2422633122,,,,,,,,,,DOI:10.1073/pnas.2422633122,Title variant for row 38; identifiers inherited.,Search variant for the Bastani et al. paper.,Canonicalize to the main version after retrieval.
40,A,AI Meets the Classroom: When Do Large Language Models Harm Learning?,AI Meets the Classroom: When Do Large Language Models Harm Learning?,S2_RESOLVED,MEDIUM,,020caf23ba0472a1dba115bac06c82fe22663fb1,276902981,https://www.semanticscholar.org/paper/020caf23ba0472a1dba115bac06c82fe22663fb1,,,,,,,,,,,CorpusID:276902981,Semantic Scholar match for “When Do Large Language Models Harm Learning?”; related variant URL hash a4f2c9076c8658c99bdb975c48165d9938983223 also appears.,Classroom/learning-harm study.,Pair with positive tutor studies.
41,A,From Chalkboards to Chatbots: Evaluating the Impact of Generative AI on Learning Outcomes in Nigeria,From Chalkboards to Chatbots: Evaluating the Impact of Generative AI on Learning Outcomes in Nigeria,EXTERNAL_ID_ONLY,MEDIUM,,,,,10.1596/1813-9450-11125,,,,,,,10986/43212,RePEc:wbk:wbrwps:11125,https://documents.worldbank.org/en/publication/documents-reports/documentdetail/099638103112535006/idu1d3591b661ee21148a21a70118cb609cb7b1d,DOI:10.1596/1813-9450-11125,World Bank working paper; DOI/handle/RePEc are stronger canonical IDs than S2 in this pass.,World Bank-style GPT tutor intervention.,High-priority training and tutoring seed.
42,A,AI Tutoring Outperforms Active Learning,AI Tutoring Outperforms Active Learning,S2_RESOLVED,HIGH,,b4f58f2948ed5fac5ce2ddae9ecf5cfe61b820c4,275693120,https://www.semanticscholar.org/paper/b4f58f2948ed5fac5ce2ddae9ecf5cfe61b820c4,,,,,,,,,,,CorpusID:275693120,No canonical identifier verified in this pass. Use the bulk resolver script to resolve via Semantic Scholar Graph API and title matching.,AI tutor outperformance in a classroom setting.,Useful for training design; verify task/domain generalizability.
43,A,The GPT Surprise: Offering Large Language Model Chat in a Massive Coding Class Reduced Engagement but Increased Exam Performance,The GPT Surprise: Offering Large Language Model Chat in a Massive Coding Class Reduced Engagement but Increased Exam Performance,S2_RESOLVED,MEDIUM,,1edcf85f60650b7f6c5c28dd971459fa3f593056,,https://www.semanticscholar.org/paper/1edcf85f60650b7f6c5c28dd971459fa3f593056,,2407.09975,,,,,,,,,S2PaperID:1edcf85f60650b7f6c5c28dd971459fa3f593056,No canonical identifier verified in this pass. Use the bulk resolver script to resolve via Semantic Scholar Graph API and title matching.,Large programming-class RCT; reduced engagement but improved exam performance.,Important nuanced outcome seed.
44,A,ChatGPT-Assisted Retrieval Practice and Exam Scores: Does It Work?,ChatGPT-Assisted Retrieval Practice and Exam Scores: Does It Work?,UNRESOLVED_LOOKUP_REQUIRED,MEDIUM,,,,,,,,,,,,,,,,"Likely a real paper/exact title, but no canonical ID was verified in this pass. Resolve with Semantic Scholar title search + author/year validation.",Retrieval practice and exam performance.,Use as learning-method design seed.
45,A,Fewer Students Are Benefiting from Doing Their Homework: An Eleven-Year Study,Fewer Students Are Benefiting from Doing Their Homework: An Eleven-Year Study,S2_RESOLVED,MEDIUM,,1f0dc6f4a458a7d815821b832335d34543c1fb0f,,https://www.semanticscholar.org/paper/1f0dc6f4a458a7d815821b832335d34543c1fb0f,10.1080/01443410.2020.1802645,,,,,,,,,,S2PaperID:1f0dc6f4a458a7d815821b832335d34543c1fb0f,Semantic Scholar paper hash and journal DOI found; CorpusID not captured in this pass.,Homework integrity and internet/AI-era learning.,Use as context for assessment redesign.
46,A,Backwards Planning with Generative AI: Case Study Evidence from US K12 Teachers,Backwards Planning with Generative AI: Case Study Evidence from US K12 Teachers,UNRESOLVED_LOOKUP_REQUIRED,MEDIUM,,,,,,,,,,,,,,,,"Likely a real paper/exact title, but no canonical ID was verified in this pass. Resolve with Semantic Scholar title search + author/year validation.",Teacher planning workflow study.,Useful analog for staff workflow planning.
47,A,Your Brain on ChatGPT: Accumulation of Cognitive Debt when Using an AI Assistant for Essay Writing Task,Your Brain on ChatGPT: Accumulation of Cognitive Debt when Using an AI Assistant for Essay Writing Task,S2_RESOLVED,MEDIUM,,73b945bd1cbe6c8f353b658ebc185ad937a2eec2,,https://www.semanticscholar.org/paper/73b945bd1cbe6c8f353b658ebc185ad937a2eec2,,,,,,,,,,,S2PaperID:73b945bd1cbe6c8f353b658ebc185ad937a2eec2,No canonical identifier verified in this pass. Use the bulk resolver script to resolve via Semantic Scholar Graph API and title matching.,MIT Media Lab paper on cognitive debt; Mollick has discussed critically.,Use but evaluate methods carefully.
48,A,The Unpleasantness of Thinking: A Meta-Analytic Review of the Association Between Mental Effort and Negative Affect,The Unpleasantness of Thinking: A Meta-Analytic Review of the Association Between Mental Effort and Negative Affect,S2_RESOLVED,MEDIUM,,5c3e37f09b8a3e8395ea999dc26602b85baa8b20,,https://www.semanticscholar.org/paper/5c3e37f09b8a3e8395ea999dc26602b85baa8b20,,,,,,,,,,,S2PaperID:5c3e37f09b8a3e8395ea999dc26602b85baa8b20,No canonical identifier verified in this pass. Use the bulk resolver script to resolve via Semantic Scholar Graph API and title matching.,Mental effort is often experienced negatively.,Important background for why users may overdelegate to AI.
49,A,The Llama 3 Herd of Models,The Llama 3 Herd of Models,EXTERNAL_ID_ONLY,MEDIUM,,,,,,2407.21783,,,,,,,,https://arxiv.org/abs/2407.21783,ARXIV:2407.21783,arXiv ID verified; Semantic Scholar paper hash not captured in this pass.,Open model capability relevant to education and detection conversations.,Also seed in scaling/capability folders.
50,B,The Effectiveness of ChatGPT in Assisting High School Students in Programming Learning: Evidence from a Quasi-Experimental Research,The Effectiveness of ChatGPT in Assisting High School Students in Programming Learning: Evidence from a Quasi-Experimental Research,UNRESOLVED_LOOKUP_REQUIRED,MEDIUM,,,,,,,,,,,,,,,,"Likely a real paper/exact title, but no canonical ID was verified in this pass. Resolve with Semantic Scholar title search + author/year validation.",Programming learning and ChatGPT support.,Related education seed.
51,B,Is ChatGPT a Boon or a Bane for Learning? Experimental Evidence Across Task Formats and Chatbot Designs,Is ChatGPT a Boon or a Bane for Learning? Experimental Evidence Across Task Formats and Chatbot Designs,UNRESOLVED_LOOKUP_REQUIRED,MEDIUM,,,,,,,,,,,,,,,,"Likely a real paper/exact title, but no canonical ID was verified in this pass. Resolve with Semantic Scholar title search + author/year validation.",Chatbot design and task-format effects.,Good expansion seed.
52,B,Leveling Up or Leveling Down? The Impact of Generative AI on Learning,Leveling Up or Leveling Down? The Impact of Generative AI on Learning,UNRESOLVED_LOOKUP_REQUIRED,MEDIUM,,,,,,,,,,,,,,,,"Likely a real paper/exact title, but no canonical ID was verified in this pass. Resolve with Semantic Scholar title search + author/year validation.",AI learning effect and heterogeneity.,Use as expansion seed.
53,B,AI Learning Differences: Designing a Future with No Boundaries,AI Learning Differences: Designing a Future with No Boundaries,UNRESOLVED_LOOKUP_REQUIRED,MEDIUM,,,,,,,,,,,,,,,,"Likely a real paper/exact title, but no canonical ID was verified in this pass. Resolve with Semantic Scholar title search + author/year validation.",Learning differences and AI.,Use as low-to-medium education seed.
54,B,Productive Struggle: The Future of Human Learning in the Age of AI,Productive Struggle: The Future of Human Learning in the Age of AI,AMBIGUOUS_OR_CATEGORY,LOW,,,,,,,,,,,,,,,,Contextual Stanford/education phrase rather than a unique canonical scholarly article in this corpus.,Productive struggle and AI-era learning.,Useful concept seed.
55,A,Large Language Model Influence on Diagnostic Reasoning: A Randomized Clinical Trial,Large Language Model Influence on Diagnostic Reasoning: A Randomized Clinical Trial,EXTERNAL_ID_ONLY,MEDIUM,,,,,10.1001/jamanetworkopen.2024.40969,,,39466245,,,,,,,DOI:10.1001/jamanetworkopen.2024.40969,JAMA Network Open DOI/PMID verified; Semantic Scholar ID not captured in current pass.,Doctors with GPT-4 did not automatically outperform doctors without it; key human-AI collaboration paper.,High-priority overreliance and expert-use seed.
56,A,Towards Accurate Differential Diagnosis with Large Language Models,Towards Accurate Differential Diagnosis with Large Language Models,S2_RESOLVED,HIGH,,76ab9bc1cbf529d1cfe5963f24069539c3199745,265551974,https://www.semanticscholar.org/paper/76ab9bc1cbf529d1cfe5963f24069539c3199745,,,,,,,,,,,CorpusID:265551974,No canonical identifier verified in this pass. Use the bulk resolver script to resolve via Semantic Scholar Graph API and title matching.,LLMs and differential diagnosis.,Use for model-only versus expert-assisted reasoning.
57,A,Comparing Physician and Artificial Intelligence Chatbot Responses to Patient Questions Posted to a Public Social Media Forum,Comparing Physician and Artificial Intelligence Chatbot Responses to Patient Questions Posted to a Public Social Media Forum,S2_RESOLVED,HIGH,,a70c50bff01547f00ce341cd7e42797f11c4cdc7,258375371,https://www.semanticscholar.org/paper/a70c50bff01547f00ce341cd7e42797f11c4cdc7,10.1001/jamainternmed.2023.1838,,,,,,,,,,CorpusID:258375371,No canonical identifier verified in this pass. Use the bulk resolver script to resolve via Semantic Scholar Graph API and title matching.,Chatbot responses compared with physician responses.,"Good for quality, empathy, and expert comparison."
58,A,Can Generalist Foundation Models Outcompete Special-Purpose Tuning? Case Study in Medicine,Can Generalist Foundation Models Outcompete Special-Purpose Tuning? Case Study in Medicine,S2_RESOLVED,HIGH,,bde9da9a39a065588d7f4573936731510d6f4f29,265466787,https://www.semanticscholar.org/paper/bde9da9a39a065588d7f4573936731510d6f4f29,,,,,,,,,,,CorpusID:265466787,No canonical identifier verified in this pass. Use the bulk resolver script to resolve via Semantic Scholar Graph API and title matching.,Generalist foundation model versus domain-tuned approach.,Useful analog for finance-domain versus general models.
59,A,Towards Conversational Diagnostic AI,Towards Conversational Diagnostic AI,S2_RESOLVED,HIGH,,021e6c5892347287182b405228fb22923691e3f0,266933212,https://www.semanticscholar.org/paper/021e6c5892347287182b405228fb22923691e3f0,,,,,,,,,,,CorpusID:266933212,No canonical identifier verified in this pass. Use the bulk resolver script to resolve via Semantic Scholar Graph API and title matching.,AMIE / conversational diagnostic AI.,Useful for agentic diagnostic conversation systems.
60,A,AMIE: A Research AI System for Diagnostic Medical Reasoning and Conversations,Towards Conversational Diagnostic AI,DUPLICATE_OR_VARIANT,HIGH,59,021e6c5892347287182b405228fb22923691e3f0,266933212,https://www.semanticscholar.org/paper/021e6c5892347287182b405228fb22923691e3f0,,,,,,,,,,,CorpusID:266933212,Search/title variant for AMIE/Towards Conversational Diagnostic AI; identifiers inherited.,Search variant for AMIE work.,Canonicalize after retrieval.
61,A,Performance of ChatGPT and GPT-4 on Neurosurgery Written Board Examinations,Performance of ChatGPT and GPT-4 on Neurosurgery Written Board Examinations,S2_RESOLVED,MEDIUM,,999bbf8f84351e47f6b9ce08028e7ab2f61042cd,,https://www.semanticscholar.org/paper/999bbf8f84351e47f6b9ce08028e7ab2f61042cd,,,,,,,,,,,S2PaperID:999bbf8f84351e47f6b9ce08028e7ab2f61042cd,No canonical identifier verified in this pass. Use the bulk resolver script to resolve via Semantic Scholar Graph API and title matching.,GPT-4 and medical board exam performance.,Benchmark-style but useful for capability tracking.
62,A,"Performance of ChatGPT, GPT-4, and Google Bard on a Neurosurgery Oral Boards Preparation Question Bank","Performance of ChatGPT, GPT-4, and Google Bard on a Neurosurgery Oral Boards Preparation Question Bank",UNRESOLVED_LOOKUP_REQUIRED,MEDIUM,,,,,,,,,,,,,,,,"Likely a real paper/exact title, but no canonical ID was verified in this pass. Resolve with Semantic Scholar title search + author/year validation.",Related medical board benchmark.,Pair with real-world decision-support studies.
63,A,GPT-4 Technical Report,GPT-4 Technical Report,S2_RESOLVED,HIGH,,163b4d6a79a5b19af88b8585456363340d9efd04,,https://www.semanticscholar.org/paper/163b4d6a79a5b19af88b8585456363340d9efd04,,2303.08774,,,,,,,,,S2PaperID:163b4d6a79a5b19af88b8585456363340d9efd04,No canonical identifier verified in this pass. Use the bulk resolver script to resolve via Semantic Scholar Graph API and title matching.,Foundational capability benchmark.,Also seed in frontier capability.
64,A,Re-Evaluating GPT-4's Bar Exam Performance,Re-Evaluating GPT-4's Bar Exam Performance,EXTERNAL_ID_ONLY,MEDIUM,,,,,10.1007/s10506-024-09396-9,,,,,,,,,,DOI:10.1007/s10506-024-09396-9,Journal DOI verified; S2 ID not captured in current pass.,"Benchmark skepticism; legal not medical, but included here because it parallels exam-performance overinterpretation.",Also seed in legal and benchmark skepticism folders.
65,B,Can Large Language Models Diagnose Like a Physician?,Can Large Language Models Diagnose Like a Physician?,AMBIGUOUS_OR_CATEGORY,LOW,,,,,,,,,,,,,,,,"Generic search/category seed, not a canonical title.",Search variant for diagnostic reasoning papers.,Use to discover related papers.
66,B,Medical Large Language Models Are Not Yet Ready for Clinical Use,Medical Large Language Models Are Not Yet Ready for Clinical Use,AMBIGUOUS_OR_CATEGORY,LOW,,,,,,,,,,,,,,,,Generic/category phrasing; not a single verified paper title.,Negative-control seed for clinical AI readiness.,Useful to balance overly optimistic medical AI results.
67,B,Algorithmic Aversion and Appreciation in Human-AI Decision Making,Algorithmic Aversion and Appreciation in Human-AI Decision Making,UNRESOLVED_LOOKUP_REQUIRED,LOW,,,,,,,,,,,,,,,,Foundational concept cluster; resolve separate canonical papers on algorithm aversion and algorithm appreciation rather than this combined phrase.,Foundational overreliance/aversion literature.,Use as conceptual background.
68,A,AI Assistance in Legal Analysis,AI Assistance in Legal Analysis,DUPLICATE_OR_VARIANT,MEDIUM,8,,,,10.2139/ssrn.4539836,,4539836,,,,,,,,DOI:10.2139/ssrn.4539836,Search variant or duplicate of another row; identifiers inherited from canonical row.,Choi and Schwarcz; AI assistance in legal analysis and ability heterogeneity.,High-priority legal/compliance seed.
69,A,"AI-Powered Lawyering: AI Reasoning Models, Retrieval Augmented Generation, and the Future of Legal Practice","AI-Powered Lawyering: AI Reasoning Models, Retrieval Augmented Generation, and the Future of Legal Practice",DUPLICATE_OR_VARIANT,MEDIUM,9,,,,10.2139/ssrn.5162111,,5162111,,,,,,,https://papers.ssrn.com/sol3/papers.cfm?abstract_id=5162111,DOI:10.2139/ssrn.5162111,Search variant or duplicate of another row; identifiers inherited from canonical row.,RAG versus reasoning models versus no-AI for legal work.,High-priority RAG and legal-reasoning seed.
70,A,Re-Evaluating GPT-4's Bar Exam Performance,Re-Evaluating GPT-4's Bar Exam Performance,DUPLICATE_OR_VARIANT,MEDIUM,64,,,,10.1007/s10506-024-09396-9,,,,,,,,,,DOI:10.1007/s10506-024-09396-9,Search variant or duplicate of another row; identifiers inherited from canonical row.,Important correction to simplistic bar-exam benchmark claims.,Use as benchmark skepticism seed.
71,B,Large Language Models Pass the Bar Exam,GPT-4 Passes the Bar Exam,EXTERNAL_ID_ONLY,MEDIUM,,,,,10.1098/rsta.2023.0254,,4389233,,,,,,,,DOI:10.1098/rsta.2023.0254,"Canonicalized to Katz et al. GPT-4 bar-exam paper; DOI/SSRN found, S2 ID not captured.",Earlier bar-exam capability claim.,Pair with re-evaluation paper.
72,B,ChatGPT Goes to Law School,ChatGPT Goes to Law School,UNRESOLVED_LOOKUP_REQUIRED,MEDIUM,,,,,,,,,,,,,,,,"Likely a real paper/exact title, but no canonical ID was verified in this pass. Resolve with Semantic Scholar title search + author/year validation.",Legal exam and law-school style evaluation.,Useful expansion seed.
73,B,Large Language Models and Legal Reasoning,Large Language Models and Legal Reasoning,AMBIGUOUS_OR_CATEGORY,LOW,,,,,,,,,,,,,,,,"Category/search phrase, not a unique paper.",Search/category seed.,"Use for discovery, not as a canonical title unless resolved."
74,B,Retrieval-Augmented Generation for Legal Question Answering,Retrieval-Augmented Generation for Legal Question Answering,AMBIGUOUS_OR_CATEGORY,LOW,,,,,,,,,,,,,,,,Category/search phrase; use resolver to identify specific legal RAG papers.,Search/category seed for RAG legal QA.,Good for RAG monitoring.
75,B,Hallucination-Free? Assessing Legal Citation Accuracy in Large Language Models,Hallucination-Free? Assessing Legal Citation Accuracy in Large Language Models,AMBIGUOUS_OR_CATEGORY,LOW,,,,,,,,,,,,,,,,Question/search phrase; several legal hallucination/citation papers may match.,Legal hallucination and citation risk.,Important risk/control expansion seed.
76,A,On the Conversational Persuasiveness of Large Language Models: A Randomized Controlled Trial,On the Conversational Persuasiveness of Large Language Models: A Randomized Controlled Trial,S2_RESOLVED,MEDIUM,,e27cae19167a08c9463d4e4b36d6c25003fb4e18,,https://www.semanticscholar.org/paper/e27cae19167a08c9463d4e4b36d6c25003fb4e18,,,,,,,,,,,S2PaperID:e27cae19167a08c9463d4e4b36d6c25003fb4e18,No canonical identifier verified in this pass. Use the bulk resolver script to resolve via Semantic Scholar Graph API and title matching.,AI persuasion in conversation/debate.,High-priority social influence seed.
77,A,Durably Reducing Conspiracy Beliefs Through Dialogues with AI,Durably Reducing Conspiracy Beliefs Through Dialogues with AI,S2_RESOLVED,HIGH,,b50465f4c93714ce5df1b6e56dd1952080d019a8,272596747,https://www.semanticscholar.org/paper/b50465f4c93714ce5df1b6e56dd1952080d019a8,10.1126/science.adq1814,,,,,,,,,,CorpusID:272596747,No canonical identifier verified in this pass. Use the bulk resolver script to resolve via Semantic Scholar Graph API and title matching.,AI dialogues reducing conspiracy beliefs.,Useful for persuasion and belief-updating research.
78,A,Just the Facts: How Dialogues with AI Reduce Conspiracy Beliefs,Dialogues with Large Language Models Reduce Conspiracy Beliefs Even When the AI Is Perceived as Human,S2_RESOLVED,MEDIUM,,7d909a8b3c49ecf6962b80d686d790b5dbe257b4,,https://www.semanticscholar.org/paper/7d909a8b3c49ecf6962b80d686d790b5dbe257b4,,,,,,,,,,,S2PaperID:7d909a8b3c49ecf6962b80d686d790b5dbe257b4,Likely the canonical follow-up/related paper behind the row title “Just the Facts”; verify title against final published version before high-weighting.,Follow-up on mechanism: rational argument versus manipulation.,Use with prior paper.
79,A,"Large Language Models Are Capable of Offering Cognitive Reappraisal, If Guided","Large Language Models Are Capable of Offering Cognitive Reappraisal, If Guided",S2_RESOLVED,HIGH,,eeef23397297b4760a16e3b0a0ac8d72bc341300,268857151,https://www.semanticscholar.org/paper/eeef23397297b4760a16e3b0a0ac8d72bc341300,,2404.01288,,,,,,,,,CorpusID:268857151,No canonical identifier verified in this pass. Use the bulk resolver script to resolve via Semantic Scholar Graph API and title matching.,AI can provide cognitive reappraisal when guided.,Useful for coaching/support design.
80,A,Exploring Human and AI Emotional Support Through Reframing of Negative Situations,Exploring Human and AI Emotional Support Through Reframing of Negative Situations,EXTERNAL_ID_ONLY,MEDIUM,,,,,10.31234/osf.io/fzvd8_v4,,,,,,,,,https://osf.io/preprints/psyarxiv/fzvd8_v4,DOI:10.31234/osf.io/fzvd8_v4,PsyArXiv/OSF preprint DOI found; S2 ID not captured.,Search variant for emotional support/reappraisal work.,Canonicalize after retrieval.
81,A,Chatbots and Mental Health: Insights into the Safety of Generative AI,Chatbots and Mental Health: Insights into the Safety of Generative AI,S2_RESOLVED,HIGH,,a824d990e6f930760bf9dc56ca1599dc8e488191,264547317,https://www.semanticscholar.org/paper/a824d990e6f930760bf9dc56ca1599dc8e488191,,,,,,,,,,,CorpusID:264547317,No canonical identifier verified in this pass. Use the bulk resolver script to resolve via Semantic Scholar Graph API and title matching.,Mental-health chatbot safety.,High sensitivity; route to safety/governance.
82,A,AI Companions Reduce Loneliness,AI Companions Reduce Loneliness,S2_RESOLVED,HIGH,,53701bfe5d1f732d6dfa8aca3810756ca7563276,,https://www.semanticscholar.org/paper/53701bfe5d1f732d6dfa8aca3810756ca7563276,10.2139/ssrn.4893097,2407.19096,4893097,,,,,,,,S2PaperID:53701bfe5d1f732d6dfa8aca3810756ca7563276,"Semantic Scholar hash, arXiv ID, and SSRN DOI found.",AI companion effects on loneliness.,Useful for human-AI attachment and support.
83,A,Why Most Resist AI Companions,Why Most Resist AI Companions,EXTERNAL_ID_ONLY,MEDIUM,,,,,,,,,,,,,,https://www.hbs.edu/faculty/Pages/item.aspx?num=66680,,HBS Working Paper page found; no DOI/S2 ID captured in this pass.,Resistance to AI companions.,Useful for adoption and trust.
84,A,The Leaderboard Illusion,The Leaderboard Illusion,S2_RESOLVED,MEDIUM,,dc3b7ca920f25223101ba36227a894d37c238df1,,https://www.semanticscholar.org/paper/dc3b7ca920f25223101ba36227a894d37c238df1,,,,,,,,,,,S2PaperID:dc3b7ca920f25223101ba36227a894d37c238df1,Semantic Scholar paper hash found; CorpusID not captured in this pass.,Chatbot or model leaderboard measurement issues.,Use as evaluation skepticism seed.
85,B,The Typing Cure: Experiences with Large Language Model Chatbots for Mental Health Support,The Typing Cure: Experiences with Large Language Model Chatbots for Mental Health Support,UNRESOLVED_LOOKUP_REQUIRED,MEDIUM,,,,,,,,,,,,,,,,"Likely a real paper/exact title, but no canonical ID was verified in this pass. Resolve with Semantic Scholar title search + author/year validation.",Mental-health support via LLM chatbots.,Expansion seed.
86,B,Trusting Emotional Support from Generative Artificial Intelligence,Trusting Emotional Support from Generative Artificial Intelligence,UNRESOLVED_LOOKUP_REQUIRED,MEDIUM,,,,,,,,,,,,,,,,"Likely a real paper/exact title, but no canonical ID was verified in this pass. Resolve with Semantic Scholar title search + author/year validation.",Trust in AI emotional support.,Expansion seed.
87,B,"AI-Generated Empathy: Opportunities, Limits, and Risks","AI-Generated Empathy: Opportunities, Limits, and Risks",AMBIGUOUS_OR_CATEGORY,LOW,,,,,,,,,,,,,,,,Category phrasing rather than a unique title.,Search/category seed for empathy research.,Use for discovery.
88,C,Reddit debate-bot persuasion field study,Reddit debate-bot persuasion field study,AMBIGUOUS_OR_CATEGORY,LOW,,,,,,,,,,,,,,,,Social/reference placeholder; not a verified scholarly paper title.,Mollick has mentioned a Reddit bot study in public discussion; exact formal title should be verified.,Low confidence until canonical title is found.
89,A,Chain-of-Thought Prompting Elicits Reasoning in Large Language Models,Chain-of-Thought Prompting Elicits Reasoning in Large Language Models,EXTERNAL_ID_ONLY,MEDIUM,,,,,,2201.11903,,,,,_VjQlMeSB_J,,,,ARXIV:2201.11903,Canonical CoT paper; arXiv/OpenReview IDs supplied. S2 ID not captured in current pass.,Foundational CoT paper.,High-priority technical prompting seed.
90,A,Quantifying Language Models' Sensitivity to Spurious Features in Prompt Design or: How I Learned to Start Worrying About Prompt Formatting,Quantifying Language Models' Sensitivity to Spurious Features in Prompt Design or: How I Learned to Start Worrying About Prompt Formatting,S2_RESOLVED,HIGH,,17a6116e5bbd8b87082cbb2e795885567300c483,264172710,https://www.semanticscholar.org/paper/17a6116e5bbd8b87082cbb2e795885567300c483,,2310.11324,,,,,,,,,CorpusID:264172710,No canonical identifier verified in this pass. Use the bulk resolver script to resolve via Semantic Scholar Graph API and title matching.,Prompt formatting sensitivity.,Useful for prompt reliability.
91,A,Re-Reading Improves Reasoning in Language Models,Re-Reading Improves Reasoning in Language Models,S2_RESOLVED,HIGH,,4b508ba98a180f27fd93b702d7044adad91620eb,261696483,https://www.semanticscholar.org/paper/4b508ba98a180f27fd93b702d7044adad91620eb,,,,,,,,,,,CorpusID:261696483,No canonical identifier verified in this pass. Use the bulk resolver script to resolve via Semantic Scholar Graph API and title matching.,Re-reading as a reasoning-improvement prompting method.,Useful for prompt technique monitoring.
92,A,Should We Respect LLMs? A Cross-Lingual Study on the Influence of Prompt Politeness on LLM Performance,Should We Respect LLMs? A Cross-Lingual Study on the Influence of Prompt Politeness on LLM Performance,S2_RESOLVED,HIGH,,eadccfc70b5a7898b7fb4bad04e668d93a2edf6b,267782841,https://www.semanticscholar.org/paper/eadccfc70b5a7898b7fb4bad04e668d93a2edf6b,,2402.14531,,,,,,,,,CorpusID:267782841,No canonical identifier verified in this pass. Use the bulk resolver script to resolve via Semantic Scholar Graph API and title matching.,Politeness effects across languages.,Interesting but should not drive enterprise prompt standards alone.
93,A,ProSA: Assessing and Understanding the Prompt Sensitivity of LLMs,ProSA: Assessing and Understanding the Prompt Sensitivity of LLMs,EXTERNAL_ID_ONLY,MEDIUM,,,,,10.18653/v1/2024.findings-emnlp.108,2410.12405,,,,,KKst3WTWzZ,,,,DOI:10.18653/v1/2024.findings-emnlp.108,"arXiv, ACL Anthology DOI, and OpenReview revision ID found; S2 ID not captured.",Prompt sensitivity benchmark.,Good evaluation seed.
94,A,Large Language Models Understand and Can Be Enhanced by Emotional Stimuli,Large Language Models Understand and Can Be Enhanced by Emotional Stimuli,S2_RESOLVED,HIGH,,01286de359fa9dd3d8f78c48157a3e929533d94e,260126019,https://www.semanticscholar.org/paper/01286de359fa9dd3d8f78c48157a3e929533d94e,,,,,,,,,,,CorpusID:260126019,No canonical identifier verified in this pass. Use the bulk resolver script to resolve via Semantic Scholar Graph API and title matching.,Emotional stimuli in prompts.,Use with skepticism; monitor replications/critiques.
95,A,Prompt Engineering Is Complicated and Contingent,Prompting Science Report 1: Prompt Engineering Is Complicated and Contingent,EXTERNAL_ID_ONLY,MEDIUM,,,,,10.2139/ssrn.5165270,2503.04818,5165270,,,,,,,,DOI:10.2139/ssrn.5165270,Prompting Science Report 1; external IDs verified. S2 ID not captured in current pass.,Prompting Science Report; Mollick/Mollick/Shapiro/Meincke.,High-priority Mollick-authored prompt-practice seed.
96,A,The Decreasing Value of Chain of Thought in Prompting,Prompting Science Report 2: The Decreasing Value of Chain of Thought in Prompting,S2_RESOLVED,HIGH,,fe2fb936b1dd27c75b503bca69c975c83a0d0c7e,,https://www.semanticscholar.org/paper/fe2fb936b1dd27c75b503bca69c975c83a0d0c7e,10.2139/ssrn.5285532,2506.07142,5285532,,,,,,,,S2PaperID:fe2fb936b1dd27c75b503bca69c975c83a0d0c7e,No canonical identifier verified in this pass. Use the bulk resolver script to resolve via Semantic Scholar Graph API and title matching.,Prompting Science Report.,Important as models evolve.
97,A,I'll Pay You or I'll Kill You — But Will You Care?,Prompting Science Report 3: I’ll Pay You or I’ll Kill You — But Will You Care?,S2_RESOLVED,HIGH,,7879f9d8b4f7b571ac824b654996bf6107d3ce43,,https://www.semanticscholar.org/paper/7879f9d8b4f7b571ac824b654996bf6107d3ce43,10.2139/ssrn.5375404,2508.00614,5375404,,,,,,,,S2PaperID:7879f9d8b4f7b571ac824b654996bf6107d3ce43,No canonical identifier verified in this pass. Use the bulk resolver script to resolve via Semantic Scholar Graph API and title matching.,Prompting Science Report on incentives/threats/emotional prompts.,Use as empirical prompt folklore test.
98,A,Playing Pretend: Expert Personas Don't Improve Factual Accuracy,Prompting Science Report 4: Playing Pretend: Expert Personas Don't Improve Factual Accuracy,EXTERNAL_ID_ONLY,MEDIUM,,,,,10.2139/ssrn.5879722,2512.05858,5879722,,,,,,,,DOI:10.2139/ssrn.5879722,No canonical identifier verified in this pass. Use the bulk resolver script to resolve via Semantic Scholar Graph API and title matching.,Prompting Science Report on persona prompting.,Useful for debunking prompt myths.
99,A,This Is an Excellent Paper: The Effects of Prompt Injection,Prompting Science Report 5: This Is an Excellent Paper: The Effects of Prompt Injection,EXTERNAL_ID_ONLY,MEDIUM,,,,,10.2139/ssrn.6510758,,6510758,,,,,,,,DOI:10.2139/ssrn.6510758,No canonical identifier verified in this pass. Use the bulk resolver script to resolve via Semantic Scholar Graph API and title matching.,Prompting Science Report; prompt injection effects.,Also route to AI safety/security.
100,B,Provocations Help Restore Critical Thinking to AI-Assisted Knowledge Work,Provocations Help Restore Critical Thinking to AI-Assisted Knowledge Work,S2_RESOLVED,HIGH,,441f864bf624ae51f83ccb1926e5de8c983a6836,275954418,https://www.semanticscholar.org/paper/441f864bf624ae51f83ccb1926e5de8c983a6836,,2501.17247,,,,,,,,,CorpusID:275954418,"Likely a real paper/exact title, but no canonical ID was verified in this pass. Resolve with Semantic Scholar title search + author/year validation.",Intervention to restore critical thinking during AI-assisted work.,Strong fit with Mollick's overreliance theme.
101,B,Co-Writing with Opinionated Language Models Affects Users' Views,Co-Writing with Opinionated Language Models Affects Users' Views,UNRESOLVED_LOOKUP_REQUIRED,MEDIUM,,,,,,,,,,,,,,,,"Likely a real paper/exact title, but no canonical ID was verified in this pass. Resolve with Semantic Scholar title search + author/year validation.",AI co-writing may shape users' views.,Useful for persuasion and writing-assistant governance.
102,B,Do Users Write More Critically with AI Feedback?,Do Users Write More Critically with AI Feedback?,AMBIGUOUS_OR_CATEGORY,LOW,,,,,,,,,,,,,,,,"Search/category phrase, not a unique canonical paper in this seed corpus.",Search/category seed.,Use for discovery.
103,A,Measuring AI Ability to Complete Long Tasks,Measuring AI Ability to Complete Long Software Tasks,S2_RESOLVED,MEDIUM,,dee7d1a1f04d221e1b49d45ae5b78a544d4ef54a,,https://www.semanticscholar.org/paper/dee7d1a1f04d221e1b49d45ae5b78a544d4ef54a,,,,,,,,,,,S2PaperID:dee7d1a1f04d221e1b49d45ae5b78a544d4ef54a,No canonical identifier verified in this pass. Use the bulk resolver script to resolve via Semantic Scholar Graph API and title matching.,METR-style task horizon measurement.,High-priority agent capability seed.
104,A,The Illusion of Diminishing Returns: Measuring Long Horizon Execution in LLMs,The Illusion of Diminishing Returns: Measuring Long Horizon Execution in LLMs,S2_RESOLVED,HIGH,,0a21d7393f6d1e07e843526f094e3f6a8cd7ed56,281252776,https://www.semanticscholar.org/paper/0a21d7393f6d1e07e843526f094e3f6a8cd7ed56,,2509.09677,,,,,,,,,CorpusID:281252776,No canonical identifier verified in this pass. Use the bulk resolver script to resolve via Semantic Scholar Graph API and title matching.,Long-horizon execution benchmark.,Use for agentic monitoring.
105,A,GDPval: Evaluating AI Model Performance on Real-World Economically Valuable Tasks,GDPval: Evaluating AI Model Performance on Real-World Economically Valuable Tasks,EXTERNAL_ID_ONLY,MEDIUM,,,,,,2510.04374,,,,,hcuEdq6eKD,,,,ARXIV:2510.04374,OpenAI GDPval paper; arXiv/OpenReview IDs verified. S2 ID not captured in current pass.,OpenAI GDPval; economically valuable real-world tasks.,High-priority real-work benchmark seed.
106,A,Evaluations at Work: Measuring the Capabilities of GenAI in Use,Evaluations at Work: Measuring the Capabilities of GenAI in Use,DUPLICATE_OR_VARIANT,MEDIUM,10,e92f4594f0560bf3f216d3936cad3957a070a224,,https://www.semanticscholar.org/paper/e92f4594f0560bf3f216d3936cad3957a070a224,,,,,,,,,,,S2PaperID:e92f4594f0560bf3f216d3936cad3957a070a224,Search variant or duplicate of another row; identifiers inherited from canonical row.,Real-world work evaluation framework.,High-priority enterprise-eval seed.
107,A,Sparks of Artificial General Intelligence: Early Experiments with GPT-4,Sparks of Artificial General Intelligence: Early Experiments with GPT-4,S2_RESOLVED,HIGH,,8dbd57469bb32e6d57f23f5e765bf1c9ac8e080c,257663729,https://www.semanticscholar.org/paper/8dbd57469bb32e6d57f23f5e765bf1c9ac8e080c,,2303.12712,,,,,,,,,CorpusID:257663729,No canonical identifier verified in this pass. Use the bulk resolver script to resolve via Semantic Scholar Graph API and title matching.,Microsoft GPT-4 capability paper.,Core frontier capability seed.
108,A,GPT-4 Technical Report,GPT-4 Technical Report,DUPLICATE_OR_VARIANT,HIGH,63,163b4d6a79a5b19af88b8585456363340d9efd04,,https://www.semanticscholar.org/paper/163b4d6a79a5b19af88b8585456363340d9efd04,,2303.08774,,,,,,,,,S2PaperID:163b4d6a79a5b19af88b8585456363340d9efd04,Search variant or duplicate of another row; identifiers inherited from canonical row.,Foundational technical report.,Core capability baseline.
109,A,Algorithmic Progress in Language Models,Algorithmic Progress in Language Models,S2_RESOLVED,MEDIUM,,b772b02708a7625f1044e4d5805b6cfd30ffaa80,,https://www.semanticscholar.org/paper/b772b02708a7625f1044e4d5805b6cfd30ffaa80,,,,,,,,,,,S2PaperID:b772b02708a7625f1044e4d5805b6cfd30ffaa80,No canonical identifier verified in this pass. Use the bulk resolver script to resolve via Semantic Scholar Graph API and title matching.,Progress in language model capabilities.,Use for trend monitoring.
110,A,The Llama 3 Herd of Models,The Llama 3 Herd of Models,DUPLICATE_OR_VARIANT,MEDIUM,49,,,,,2407.21783,,,,,,,,https://arxiv.org/abs/2407.21783,ARXIV:2407.21783,Search variant or duplicate of another row; identifiers inherited from canonical row.,Meta Llama 3/3.1 technical report.,Important open-model capability seed.
111,A,Thousands of AI Authors on the Future of AI,Thousands of AI Authors on the Future of AI,S2_RESOLVED,HIGH,,6f702f88f0d74a24f1ff06211975b30839ac2c58,266818160,https://www.semanticscholar.org/paper/6f702f88f0d74a24f1ff06211975b30839ac2c58,,2401.02843,,,,,,,,,CorpusID:266818160,No canonical identifier verified in this pass. Use the bulk resolver script to resolve via Semantic Scholar Graph API and title matching.,Expert survey on future AI timelines and impacts.,"Use for forecasting context, not direct deployment."
112,B,Humanity's Last Exam,Humanity's Last Exam,UNRESOLVED_LOOKUP_REQUIRED,LOW,,,,,,,,,,,,,,,,Known benchmark title; exact canonical paper ID not verified in current pass.,Recent benchmark/capability reference.,Benchmark seed; verify current status.
113,B,GPQA: A Graduate-Level Google-Proof Q&A Benchmark,GPQA: A Graduate-Level Google-Proof Q&A Benchmark,EXTERNAL_ID_ONLY,LOW,,,,,,2311.12022,,,,,,,,,ARXIV:2311.12022,Likely GPQA arXiv ID; verify S2 match before high-weighting.,Difficult expert QA benchmark.,Useful for reasoning capability tracking.
114,B,SWE-bench: Can Language Models Resolve Real-World GitHub Issues?,SWE-bench: Can Language Models Resolve Real-World GitHub Issues?,EXTERNAL_ID_ONLY,LOW,,,,,,2310.06770,,,,,,,,,ARXIV:2310.06770,Likely SWE-bench arXiv ID; verify S2 match before high-weighting.,Real-world software issue benchmark.,Crucial for software-agent monitoring.
115,B,SWE-bench Verified,SWE-bench Verified,AMBIGUOUS_OR_CATEGORY,LOW,,,,,,,,,,,,,,,,Benchmark version/dataset rather than a unique paper title in this row.,Verified subset of SWE-bench.,Use for agentic software reliability.
116,B,OpenAI o1 System Card / o1 Technical Report,OpenAI o1 System Card / o1 Technical Report,AMBIGUOUS_OR_CATEGORY,LOW,,,,,,,,,,,,,,,,"System card/technical report, not necessarily a Semantic Scholar article.",Reasoning model reference.,Use official/technical docs; not always Semantic Scholar article.
117,B,Claude / Anthropic agentic coding benchmark papers,Claude / Anthropic agentic coding benchmark papers,AMBIGUOUS_OR_CATEGORY,LOW,,,,,,,,,,,,,,,,Category placeholder for Anthropic/Claude agentic coding work.,Agentic coding and tool-use benchmarks.,Use for discovery.
118,C,AI 2027,AI 2027,AMBIGUOUS_OR_CATEGORY,LOW,,,,,,,,,,,,,,,,"Scenario/planning document, not a scholarly article.","Scenario document, not a scholarly article.",Do not treat as research seed except for scenario-planning context.
119,A,Computing Power and the Governance of Artificial Intelligence,Computing Power and the Governance of Artificial Intelligence,UNRESOLVED_LOOKUP_REQUIRED,MEDIUM,,,,,,,,,,,,,,,,"Likely a real paper/exact title, but no canonical ID was verified in this pass. Resolve with Semantic Scholar title search + author/year validation.",Compute governance and AI capability.,Governance/scaling seed.
120,A,BloombergGPT: A Large Language Model for Finance,BloombergGPT: A Large Language Model for Finance,S2_RESOLVED,HIGH,,83edcfbb206ddad38a971d605da09390604248ea,257833842,https://www.semanticscholar.org/paper/83edcfbb206ddad38a971d605da09390604248ea,,2303.17564,,,,,,,,,CorpusID:257833842,No canonical identifier verified in this pass. Use the bulk resolver script to resolve via Semantic Scholar Graph API and title matching.,Finance-domain LLM.,High-priority finance AI seed.
121,A,Are ChatGPT and GPT-4 General-Purpose Solvers for Financial Text Analytics?,Are ChatGPT and GPT-4 General-Purpose Solvers for Financial Text Analytics?,S2_RESOLVED,HIGH,,45d325884a5169df06e41288717b7a78c07bedb7,258588320,https://www.semanticscholar.org/paper/45d325884a5169df06e41288717b7a78c07bedb7,,2305.05862,,,,,,,,,CorpusID:258588320,No canonical identifier verified in this pass. Use the bulk resolver script to resolve via Semantic Scholar Graph API and title matching.,General-purpose GPT models versus financial NLP models.,Very relevant to bank AI strategy.
122,A,Scaling Laws for Economic Productivity: Experimental Evidence in LLM-Assisted Translation,Scaling Laws for Economic Productivity: Experimental Evidence in LLM-Assisted Translation,DUPLICATE_OR_VARIANT,HIGH,11,34602e489a5f2de5ce28ee5ec1d10a5f7d4460cf,272397873,https://www.semanticscholar.org/paper/34602e489a5f2de5ce28ee5ec1d10a5f7d4460cf,10.48550/arXiv.2409.02391,2409.02391,,,,,,,,,CorpusID:272397873,Search variant or duplicate of another row; identifiers inherited from canonical row.,Links model scaling with productivity.,Bridge between scaling and economic value.
123,A,Algorithmic Progress in Language Models,Algorithmic Progress in Language Models,DUPLICATE_OR_VARIANT,MEDIUM,109,b772b02708a7625f1044e4d5805b6cfd30ffaa80,,https://www.semanticscholar.org/paper/b772b02708a7625f1044e4d5805b6cfd30ffaa80,,,,,,,,,,,S2PaperID:b772b02708a7625f1044e4d5805b6cfd30ffaa80,Search variant or duplicate of another row; identifiers inherited from canonical row.,Tracks progress in language model performance.,Core frontier-monitoring seed.
124,A,The Llama 3 Herd of Models,The Llama 3 Herd of Models,DUPLICATE_OR_VARIANT,MEDIUM,49,,,,,2407.21783,,,,,,,,https://arxiv.org/abs/2407.21783,ARXIV:2407.21783,Search variant or duplicate of another row; identifiers inherited from canonical row.,Open model capability report.,Open model monitoring.
125,A,GPT-4 Technical Report,GPT-4 Technical Report,DUPLICATE_OR_VARIANT,HIGH,63,163b4d6a79a5b19af88b8585456363340d9efd04,,https://www.semanticscholar.org/paper/163b4d6a79a5b19af88b8585456363340d9efd04,,2303.08774,,,,,,,,,S2PaperID:163b4d6a79a5b19af88b8585456363340d9efd04,Search variant or duplicate of another row; identifiers inherited from canonical row.,Foundational model capability report.,Baseline seed.
126,B,Will We Run Out of Data? Limits of LLM Scaling Based on Human-Generated Data,Will We Run Out of Data? Limits of LLM Scaling Based on Human-Generated Data,S2_RESOLVED,HIGH,,6cf65eb8aa66116e14a97bb8f71552359ff814ba,253397775,https://www.semanticscholar.org/paper/6cf65eb8aa66116e14a97bb8f71552359ff814ba,,,,,,,,,,,CorpusID:253397775,No canonical identifier verified in this pass. Use the bulk resolver script to resolve via Semantic Scholar Graph API and title matching.,Data limits for scaling.,Scaling constraint seed.
127,B,Training Compute-Optimal Large Language Models,Training Compute-Optimal Large Language Models,S2_RESOLVED,MEDIUM,,8342b592fe238f3d230e4959b06fd10153c45db1,,https://www.semanticscholar.org/paper/8342b592fe238f3d230e4959b06fd10153c45db1,,2203.15556,,,,,,,,,S2PaperID:8342b592fe238f3d230e4959b06fd10153c45db1,No canonical identifier verified in this pass. Use the bulk resolver script to resolve via Semantic Scholar Graph API and title matching.,Chinchilla scaling law.,Background seed; not Mollick-specific.
128,B,Scaling Laws for Neural Language Models,Scaling Laws for Neural Language Models,EXTERNAL_ID_ONLY,MEDIUM,,,,,,2001.08361,,,,,,,,,ARXIV:2001.08361,Canonical Kaplan et al. scaling-laws arXiv ID; S2 ID not captured in current pass.,Kaplan et al. scaling laws.,Background seed.
129,C,The Curse of Recursion: Training on Generated Data Makes Models Forget,The Curse of Recursion: Training on Generated Data Makes Models Forget,UNRESOLVED_LOOKUP_REQUIRED,LOW,,,,,,,,,,,,,,,,Known model-collapse paper/title; ID not resolved in current pass.,Synthetic-data/model-collapse issue; public comment ecosystem reference.,Use as weak but important risk seed.
130,A,GPT Detectors Are Biased Against Non-Native English Writers,GPT Detectors Are Biased Against Non-Native English Writers,S2_RESOLVED,HIGH,,e2352eb8e69d7cc0d98f9b13eae33f9c02310ad4,257985499,https://www.semanticscholar.org/paper/e2352eb8e69d7cc0d98f9b13eae33f9c02310ad4,,2304.02819,,,,,,,,,CorpusID:257985499,No canonical identifier verified in this pass. Use the bulk resolver script to resolve via Semantic Scholar Graph API and title matching.,Detector bias against non-native English writers.,High-priority fairness and detection-risk seed.
131,A,Can AI-Generated Text Be Reliably Detected?,Can AI-Generated Text Be Reliably Detected?,S2_RESOLVED,HIGH,,5ee8bb4fc80a291b2e416a2a879e7153a783d7e9,257631570,https://www.semanticscholar.org/paper/5ee8bb4fc80a291b2e416a2a879e7153a783d7e9,,2303.11156,,,,,,,,,CorpusID:257631570,No canonical identifier verified in this pass. Use the bulk resolver script to resolve via Semantic Scholar Graph API and title matching.,Detection reliability.,High-priority detection skepticism seed.
132,A,"A Survey on LLM-Generated Text Detection: Necessity, Methods, and Future Directions","A Survey on LLM-Generated Text Detection: Necessity, Methods, and Future Directions",S2_RESOLVED,HIGH,,a09d3686285f609b60b18b5935da64b29a5cce0f,264426138,https://www.semanticscholar.org/paper/a09d3686285f609b60b18b5935da64b29a5cce0f,,2310.14724,,,,,,,,,CorpusID:264426138,ArXiv version. A 2025 Computational Linguistics version has S2 paperId a1a43a1eed2f33f59a0c3c86ae2a703bd13f7ca7 / CorpusID 275484214; resolver may choose the later version depending on recency policy.,Survey of detection methods and limitations.,Useful for detection landscape.
133,A,Do Teachers Spot AI? Evaluating the Detectability of AI-Generated Texts Among Student Essays,Do Teachers Spot AI? Evaluating the Detectability of AI-Generated Texts Among Student Essays,S2_RESOLVED,HIGH,,54b0b059c50c48d66bc846e11004576f2656aa79,267271461,https://www.semanticscholar.org/paper/54b0b059c50c48d66bc846e11004576f2656aa79,10.1016/j.caeai.2024.100209,,,,,,,,,,CorpusID:267271461,No canonical identifier verified in this pass. Use the bulk resolver script to resolve via Semantic Scholar Graph API and title matching.,Teachers' ability to detect AI-generated essays.,Relevant to human detection limits.
134,A,GPT-4 Is Judged More Human Than Humans in Displaced and Inverted Turing Tests,GPT-4 Is Judged More Human Than Humans in Displaced and Inverted Turing Tests,S2_RESOLVED,MEDIUM,,16dc8bb08da5bdc31abc03b66c3c6bcabb869907,,https://www.semanticscholar.org/paper/16dc8bb08da5bdc31abc03b66c3c6bcabb869907,,,,,,,,,,,S2PaperID:16dc8bb08da5bdc31abc03b66c3c6bcabb869907,Semantic Scholar paper hash found; CorpusID not captured in this pass.,Well-prompted AI judged more human than humans.,Useful for human-detection failure.
135,A,Can Linguists Distinguish Between ChatGPT/AI and Human Writing?,Can Linguists Distinguish Between ChatGPT/AI and Human Writing?,EXTERNAL_ID_ONLY,MEDIUM,,,,,10.1016/j.rmal.2023.100068,,,,,,,,,,DOI:10.1016/j.rmal.2023.100068,ScienceDirect DOI for linguists/human abstract detection paper; S2 ID not captured in current pass.,Linguistics reviewers/editors struggled to distinguish AI from human abstracts.,High-priority academic-integrity seed.
136,B,Comparing Scientific Abstracts Generated by ChatGPT to Real Abstracts with Detectors and Human Reviewers,Comparing Scientific Abstracts Generated by ChatGPT to Real Abstracts with Detectors and Human Reviewers,UNRESOLVED_LOOKUP_REQUIRED,MEDIUM,,,,,,,,,,,,,,,,"Likely a real paper/exact title, but no canonical ID was verified in this pass. Resolve with Semantic Scholar title search + author/year validation.",Abstract detection and human review.,Expansion seed.
137,B,Human Detection of AI-Generated Text: A Survey,Human Detection of AI-Generated Text: A Survey,AMBIGUOUS_OR_CATEGORY,LOW,,,,,,,,,,,,,,,,"Survey/category phrase, not a single resolved paper in this pass.",Search/category seed.,Use for discovery.
138,B,Detecting AI-Generated Text in the Wild,Detecting AI-Generated Text in the Wild,AMBIGUOUS_OR_CATEGORY,LOW,,,,,,,,,,,,,,,,Search/category phrase.,Search/category seed.,Use for discovery.
139,B,Initial Indications of Generative AI Writing in Linguistics Research Publications,Initial Indications of Generative AI Writing in Linguistics Research Publications,UNRESOLVED_LOOKUP_REQUIRED,MEDIUM,,,,,,,,,,,,,,,,"Likely a real paper/exact title, but no canonical ID was verified in this pass. Resolve with Semantic Scholar title search + author/year validation.",Evidence of AI-style writing markers in publications.,Useful for research-integrity monitoring.
140,C,Watermarking Large Language Model Outputs,Watermarking Large Language Model Outputs,UNRESOLVED_LOOKUP_REQUIRED,LOW,,,,,,,,,,,,,,,,Watermarking category; resolve to specific watermarking papers as needed.,Technical watermarking concept.,Adjacent technical seed.
141,C,A Watermark for Large Language Models,A Watermark for Large Language Models,EXTERNAL_ID_ONLY,LOW,,,,,,2301.10226,,,,,,,,,ARXIV:2301.10226,Likely Kirchenbauer et al. “A Watermark for Large Language Models”; verify S2 match before high-weighting.,Search variant.,Use for watermarking discovery.
142,A,"ChatGPT-4 and Human Researchers Are Equal in Writing Scientific Introduction Sections: A Blinded, Randomized, Non-Inferiority Controlled Study","ChatGPT-4 and Human Researchers Are Equal in Writing Scientific Introduction Sections: A Blinded, Randomized, Non-Inferiority Controlled Study",EXTERNAL_ID_ONLY,MEDIUM,,,,,10.7759/cureus.49019,,,38111405,PMC10727453,,,,,,DOI:10.7759/cureus.49019,"Cureus DOI, PubMed ID, and PMCID found; S2 ID not captured.",AI scientific writing study.,High-priority metascience seed.
143,A,Monitoring AI-Modified Content at Scale: A Case Study on the Impact of ChatGPT on AI Conference Peer Reviews,Monitoring AI-Modified Content at Scale: A Case Study on the Impact of ChatGPT on AI Conference Peer Reviews,S2_RESOLVED,HIGH,,023e113b11ff7bac182713a069fedcbcccad9562,268363317,https://www.semanticscholar.org/paper/023e113b11ff7bac182713a069fedcbcccad9562,10.48550/arXiv.2403.07183,2403.07183,,,,,,,,,CorpusID:268363317,"Likely a real paper/exact title, but no canonical ID was verified in this pass. Resolve with Semantic Scholar title search + author/year validation.",AI-modified peer reviews.,Research integrity seed.
144,A,The AI Review Lottery: Widespread AI-Assisted Peer Reviews Boost Paper Scores and Acceptance Rates,The AI Review Lottery: Widespread AI-Assisted Peer Reviews Boost Paper Scores and Acceptance Rates,S2_RESOLVED,HIGH,,31d8be8bde2bf592b79481b21b955bddeb4b2a8f,,https://www.semanticscholar.org/paper/31d8be8bde2bf592b79481b21b955bddeb4b2a8f,10.1145/3757667,2405.02150,,,,,,,,,S2PaperID:31d8be8bde2bf592b79481b21b955bddeb4b2a8f,"Semantic Scholar paper hash, arXiv ID, and ACM DOI found; CorpusID not captured.",AI-assisted peer reviews and acceptance effects.,High-priority peer-review governance seed.
145,A,Can Large Language Models Provide Useful Feedback on Research Papers? A Large-Scale Empirical Analysis,Can Large Language Models Provide Useful Feedback on Research Papers? A Large-Scale Empirical Analysis,S2_RESOLVED,HIGH,,f2209eb5ac6747319a29b87dedabb97770be3243,263608784,https://www.semanticscholar.org/paper/f2209eb5ac6747319a29b87dedabb97770be3243,10.1056/AIoa2400196,2310.01783,,,,,,,,,CorpusID:263608784,No canonical identifier verified in this pass. Use the bulk resolver script to resolve via Semantic Scholar Graph API and title matching.,LLM feedback on research papers.,Useful for internal research-review tools.
146,A,Evaluating Science: A Comparison of Human and AI Reviewers,Evaluating Science: A Comparison of Human and AI Reviewers,S2_RESOLVED,HIGH,,e37590e1d3f2d2b3c86928336072a3fca42aa561,,https://www.semanticscholar.org/paper/e37590e1d3f2d2b3c86928336072a3fca42aa561,10.1017/jdm.2024.24,,,,,,,,,,S2PaperID:e37590e1d3f2d2b3c86928336072a3fca42aa561,Semantic Scholar paper hash and journal DOI found; CorpusID not captured.,AI reviewers versus human reviewers.,Search/canonicalize exact title if needed.
147,A,Mathematical Discoveries from Program Search with Large Language Models,Mathematical Discoveries from Program Search with Large Language Models,EXTERNAL_ID_ONLY,MEDIUM,,,,,10.1038/s41586-023-06924-6,,,,,,,,,,DOI:10.1038/s41586-023-06924-6,Nature DOI for FunSearch paper; S2 ID not captured in current pass.,FunSearch / mathematical discovery.,Important AI-for-science seed.
148,A,Automated Social Science: Language Models as Scientist and Subjects,Automated Social Science: Language Models as Scientist and Subjects,S2_RESOLVED,HIGH,,281188f43de819c848a2f985144958ea9a4e0fcb,,https://www.semanticscholar.org/paper/281188f43de819c848a2f985144958ea9a4e0fcb,,2404.11794,,,,,,,,,S2PaperID:281188f43de819c848a2f985144958ea9a4e0fcb,Semantic Scholar paper hash and arXiv ID found; CorpusID not captured.,AI as scientist and simulated subject.,Useful for automated research workflows.
149,A,Autonomous Chemical Research with Large Language Models,Autonomous Chemical Research with Large Language Models,S2_RESOLVED,MEDIUM,,6fe3779fe5f2e9402abdd08ad8db41a0f13a99eb,,https://www.semanticscholar.org/paper/6fe3779fe5f2e9402abdd08ad8db41a0f13a99eb,,,,,,,,,,,S2PaperID:6fe3779fe5f2e9402abdd08ad8db41a0f13a99eb,Semantic Scholar paper hash found; CorpusID not captured in this pass.,Autonomous chemical research.,Agentic scientific discovery seed.
150,B,When AI Co-Scientists Fail: SPOT — A Benchmark for Automated Verification of Scientific Research,When AI Co-Scientists Fail: SPOT — A Benchmark for Automated Verification of Scientific Research,UNRESOLVED_LOOKUP_REQUIRED,MEDIUM,,,,,,,,,,,,,,,,"Likely a real paper/exact title, but no canonical ID was verified in this pass. Resolve with Semantic Scholar title search + author/year validation.",Error verification benchmark.,Use as corrective/negative seed.
151,B,AI Tools Are Spotting Errors in Research Papers: Inside a Growing Movement,AI Tools Are Spotting Errors in Research Papers: Inside a Growing Movement,AMBIGUOUS_OR_CATEGORY,LOW,,,,,,,,,,,,,,,,"Nature/news feature, not a scholarly paper seed. Use it to discover underlying tools/papers only.","News feature, not scholarly paper, but useful for tracing related projects.",Use only as discovery pointer.
152,B,From e-Waste to Living Space: Flame Retardants Contaminating Household Items Add to Concern About Plastic Recycling,From e-Waste to Living Space: Flame Retardants Contaminating Household Items Add to Concern About Plastic Recycling,UNRESOLVED_LOOKUP_REQUIRED,LOW,,,,,,,,,,,,,,,,Actual environmental-science paper title used as an example in Mollick commentary; identifier not resolved in this pass.,Black-plastic paper used in discussion of AI spotting a math error.,"Use as example context, not core AI seed."
153,B,Can Large Language Models Verify Scientific Claims?,Can Large Language Models Verify Scientific Claims?,AMBIGUOUS_OR_CATEGORY,LOW,,,,,,,,,,,,,,,,Search/category phrase.,Search/category seed.,Use for discovery.
154,B,LLMs as Research Assistants: A Survey,LLMs as Research Assistants: A Survey,AMBIGUOUS_OR_CATEGORY,LOW,,,,,,,,,,,,,,,,Search/category phrase.,Search/category seed.,Use for broad map.
155,C,AI Scientist: Towards Fully Automated Open-Ended Scientific Discovery,AI Scientist: Towards Fully Automated Open-Ended Scientific Discovery,UNRESOLVED_LOOKUP_REQUIRED,LOW,,,,,,,,,,,,,,,,Adjacent “AI Scientist” paper/category; exact title/ID not resolved in current pass.,Adjacent AI scientist work.,Use as low-confidence Mollick-adjacent seed.
156,A,Navigating the Jagged Technological Frontier,Navigating the Jagged Technological Frontier: Field Experimental Evidence of the Effects of AI on Knowledge Worker Productivity and Quality,DUPLICATE_OR_VARIANT,HIGH,4,409dc9f1801947f85c53231cba346f0e314cb208,262199478,https://www.semanticscholar.org/paper/409dc9f1801947f85c53231cba346f0e314cb208,10.2139/ssrn.4573321,,4573321,,,,,,,,CorpusID:262199478,Search variant or duplicate of another row; identifiers inherited from canonical row.,Central overreliance/frontier paper.,Core seed.
157,A,Large Language Model Influence on Diagnostic Reasoning: A Randomized Clinical Trial,Large Language Model Influence on Diagnostic Reasoning: A Randomized Clinical Trial,DUPLICATE_OR_VARIANT,MEDIUM,55,,,,10.1001/jamanetworkopen.2024.40969,,,39466245,,,,,,,DOI:10.1001/jamanetworkopen.2024.40969,Search variant or duplicate of another row; identifiers inherited from canonical row.,Experts with AI do not automatically improve.,Core expert-overreliance seed.
158,A,Generative AI Can Harm Learning,Generative AI Can Harm Learning,DUPLICATE_OR_VARIANT,MEDIUM,38,,,,10.1073/pnas.2422633122,,,,,,,,,,DOI:10.1073/pnas.2422633122,Search variant or duplicate of another row; identifiers inherited from canonical row.,Learning harm and overreliance.,Core cognitive-offloading seed.
159,A,Your Brain on ChatGPT: Accumulation of Cognitive Debt when Using an AI Assistant for Essay Writing Task,Your Brain on ChatGPT: Accumulation of Cognitive Debt when Using an AI Assistant for Essay Writing Task,DUPLICATE_OR_VARIANT,MEDIUM,47,73b945bd1cbe6c8f353b658ebc185ad937a2eec2,,https://www.semanticscholar.org/paper/73b945bd1cbe6c8f353b658ebc185ad937a2eec2,,,,,,,,,,,S2PaperID:73b945bd1cbe6c8f353b658ebc185ad937a2eec2,Search variant or duplicate of another row; identifiers inherited from canonical row.,Cognitive debt.,Use with methodological scrutiny.
160,A,The Unpleasantness of Thinking,The Unpleasantness of Thinking: A Meta-Analytic Review of the Association Between Mental Effort and Negative Affect,DUPLICATE_OR_VARIANT,MEDIUM,48,5c3e37f09b8a3e8395ea999dc26602b85baa8b20,,https://www.semanticscholar.org/paper/5c3e37f09b8a3e8395ea999dc26602b85baa8b20,,,,,,,,,,,S2PaperID:5c3e37f09b8a3e8395ea999dc26602b85baa8b20,Search variant or duplicate of another row; identifiers inherited from canonical row.,Humans often dislike cognitive effort.,Useful behavioral foundation.
161,B,Provocations Help Restore Critical Thinking to AI-Assisted Knowledge Work,Provocations Help Restore Critical Thinking to AI-Assisted Knowledge Work,DUPLICATE_OR_VARIANT,HIGH,100,441f864bf624ae51f83ccb1926e5de8c983a6836,275954418,https://www.semanticscholar.org/paper/441f864bf624ae51f83ccb1926e5de8c983a6836,,2501.17247,,,,,,,,,CorpusID:275954418,Search variant or duplicate; identifiers inherited from canonical row.,Intervention design for critical thinking.,Strong enterprise relevance.
162,B,The Impact of Generative AI on Critical Thinking,The Impact of Generative AI on Critical Thinking,S2_RESOLVED,MEDIUM,,93a07d548608d2368ae2e3287275e3caf42a562c,,https://www.semanticscholar.org/paper/93a07d548608d2368ae2e3287275e3caf42a562c,,,,,,,,,,,S2PaperID:93a07d548608d2368ae2e3287275e3caf42a562c,Semantic Scholar paper hash found; CorpusID not captured in this pass.,Search/category seed.,Use for discovery.
163,B,Human-AI Collaboration: A Survey,Human-AI Collaboration: A Survey,AMBIGUOUS_OR_CATEGORY,LOW,,,,,,,,,,,,,,,,Survey/category phrase; use resolver to identify specific survey papers if desired.,Broad survey seed.,Use for related-work expansion.
164,B,Automation Bias in Decision Support Systems,Automation Bias in Decision Support Systems,UNRESOLVED_LOOKUP_REQUIRED,LOW,,,,,,,,,,,,,,,,Foundational automation bias literature category; title not resolved to a single canonical paper in current pass.,Foundational non-LLM literature.,Use as conceptual background.
165,B,Algorithmic Aversion: People Erroneously Avoid Algorithms After Seeing Them Err,Algorithmic Aversion: People Erroneously Avoid Algorithms After Seeing Them Err,UNRESOLVED_LOOKUP_REQUIRED,LOW,,,,,,,,,,,,,,,,"Likely Dietvorst/Simmons/Massey algorithm-aversion paper, but exact title/ID not verified in current pass.",Foundational algorithm aversion.,Use for human-AI trust literature.
166,B,Algorithm Appreciation: People Prefer Algorithmic to Human Judgment,Algorithm Appreciation: People Prefer Algorithmic to Human Judgment,UNRESOLVED_LOOKUP_REQUIRED,LOW,,,,,,,,,,,,,,,,"Likely Logg/Milkman/Soll algorithm-appreciation paper, but exact title/ID not verified in current pass.",Complement to algorithmic aversion.,Use for trust calibration.
167,B,Cognitive Offloading: How the Internet Is Increasingly Taking Over Human Memory,Cognitive Offloading: How the Internet Is Increasingly Taking Over Human Memory,UNRESOLVED_LOOKUP_REQUIRED,LOW,,,,,,,,,,,,,,,,Foundational cognitive-offloading paper title; ID not verified in current pass.,Foundational cognitive offloading.,Use as background.
168,A,How Will Language Modelers Like ChatGPT Affect Occupations and Industries?,How Will Language Modelers Like ChatGPT Affect Occupations and Industries?,DUPLICATE_OR_VARIANT,HIGH,3,35285ee3056d32f8ed5bc1fee6c3aa70afadd108,257280473,https://www.semanticscholar.org/paper/35285ee3056d32f8ed5bc1fee6c3aa70afadd108,10.2139/ssrn.4375268,,4375268,,,,,,,,CorpusID:257280473,Search variant or duplicate of another row; identifiers inherited from canonical row.,Occupation and industry exposure.,Core workforce strategy seed.
169,A,Generative AI at Work,Generative AI at Work,DUPLICATE_OR_VARIANT,HIGH,5,5a23a489bb9e742edacc8b8e778b06e1594365d3,258298324,https://www.semanticscholar.org/paper/5a23a489bb9e742edacc8b8e778b06e1594365d3,10.3386/w31161,,,,,w31161,,,,,CorpusID:258298324,Search variant or duplicate of another row; identifiers inherited from canonical row.,Real deployment and skill-leveling.,Core productivity seed.
170,A,Experimental Evidence on the Productivity Effects of Generative Artificial Intelligence,Experimental Evidence on the Productivity Effects of Generative Artificial Intelligence,DUPLICATE_OR_VARIANT,HIGH,2,8d020275181c69e5e768c6ffc40e09710a6f54f1,257394529,https://www.semanticscholar.org/paper/8d020275181c69e5e768c6ffc40e09710a6f54f1,10.1126/science.adh2586,,,,,,,,,,CorpusID:257394529,Search variant or duplicate of another row; identifiers inherited from canonical row.,Writing-productivity RCT.,Core knowledge-work seed.
171,A,Navigating the Jagged Technological Frontier,Navigating the Jagged Technological Frontier: Field Experimental Evidence of the Effects of AI on Knowledge Worker Productivity and Quality,DUPLICATE_OR_VARIANT,HIGH,4,409dc9f1801947f85c53231cba346f0e314cb208,262199478,https://www.semanticscholar.org/paper/409dc9f1801947f85c53231cba346f0e314cb208,10.2139/ssrn.4573321,,4573321,,,,,,,,CorpusID:262199478,Search variant or duplicate of another row; identifiers inherited from canonical row.,Consulting work and frontier boundaries.,Core professional-work seed.
172,A,The Effects of Generative AI on High-Skilled Work,The Effects of Generative AI on High-Skilled Work: Evidence from Three Field Experiments with Software Developers,DUPLICATE_OR_VARIANT,HIGH,7,e32ac471784fc37e1515f4e6ec7aaf4574bf4c7a,276405558,https://www.semanticscholar.org/paper/e32ac471784fc37e1515f4e6ec7aaf4574bf4c7a,10.2139/ssrn.4945566,,4945566,,,,,,,,CorpusID:276405558,Search variant or duplicate of another row; identifiers inherited from canonical row.,Developer productivity.,Engineering workforce seed.
173,A,Scaling Laws for Economic Productivity,Scaling Laws for Economic Productivity: Experimental Evidence in LLM-Assisted Translation,DUPLICATE_OR_VARIANT,HIGH,11,34602e489a5f2de5ce28ee5ec1d10a5f7d4460cf,272397873,https://www.semanticscholar.org/paper/34602e489a5f2de5ce28ee5ec1d10a5f7d4460cf,10.48550/arXiv.2409.02391,2409.02391,,,,,,,,,CorpusID:272397873,Search variant or duplicate of another row; identifiers inherited from canonical row.,Translator productivity and model scale.,Scaling/productivity seed.
174,B,GPTs Are GPTs: An Early Look at the Labor Market Impact Potential of Large Language Models,GPTs Are GPTs: An Early Look at the Labor Market Impact Potential of Large Language Models,EXTERNAL_ID_ONLY,MEDIUM,,,,,,2303.10130,,,,,,,,,ARXIV:2303.10130,OpenAI/UPenn occupational exposure paper; S2 ID not captured in current pass.,Occupational exposure paper.,Likely useful regardless of exact Mollick citation status.
175,B,Artificial Intelligence and the Future of Work,Artificial Intelligence and the Future of Work,AMBIGUOUS_OR_CATEGORY,LOW,,,,,,,,,,,,,,,,Broad category/title; too ambiguous for a canonical ID without author constraints.,NBER-style search/category seed.,Use for discovery.
176,B,AI and Jobs: Evidence from Online Vacancies,AI and Jobs: Evidence from Online Vacancies,AMBIGUOUS_OR_CATEGORY,LOW,,,,,,,,,,,,,,,,Broad category/title; multiple papers.,Labor-market signal from vacancies.,Use for workforce monitoring.
177,B,The Simple Macroeconomics of AI,The Simple Macroeconomics of AI,AMBIGUOUS_OR_CATEGORY,LOW,,,,,,,,,,,,,,,,Broad category/title; likely Acemoglu-style macro paper but not resolved.,Economic impact seed.,Use for macro context.
178,B,"The Turing Transformation: Artificial Intelligence, Intelligence Augmentation, and Skill Premiums","The Turing Transformation: Artificial Intelligence, Intelligence Augmentation, and Skill Premiums",AMBIGUOUS_OR_CATEGORY,LOW,,,,,,,,,,,,,,,,Broad category/title; not resolved.,AI and skill premiums.,Use for labor economics.
179,A,BloombergGPT: A Large Language Model for Finance,BloombergGPT: A Large Language Model for Finance,DUPLICATE_OR_VARIANT,HIGH,120,83edcfbb206ddad38a971d605da09390604248ea,257833842,https://www.semanticscholar.org/paper/83edcfbb206ddad38a971d605da09390604248ea,,2303.17564,,,,,,,,,CorpusID:257833842,Search variant or duplicate of another row; identifiers inherited from canonical row.,Finance-domain LLM.,Core finance-domain seed.
180,A,Are ChatGPT and GPT-4 General-Purpose Solvers for Financial Text Analytics?,Are ChatGPT and GPT-4 General-Purpose Solvers for Financial Text Analytics?,DUPLICATE_OR_VARIANT,HIGH,121,45d325884a5169df06e41288717b7a78c07bedb7,258588320,https://www.semanticscholar.org/paper/45d325884a5169df06e41288717b7a78c07bedb7,,2305.05862,,,,,,,,,CorpusID:258588320,Search variant or duplicate of another row; identifiers inherited from canonical row.,General-purpose versus finance-specific LLM performance.,Core banking strategy seed.
181,A,Evaluations at Work: Measuring the Capabilities of GenAI in Use,Evaluations at Work: Measuring the Capabilities of GenAI in Use,DUPLICATE_OR_VARIANT,MEDIUM,10,e92f4594f0560bf3f216d3936cad3957a070a224,,https://www.semanticscholar.org/paper/e92f4594f0560bf3f216d3936cad3957a070a224,,,,,,,,,,,S2PaperID:e92f4594f0560bf3f216d3936cad3957a070a224,Search variant or duplicate of another row; identifiers inherited from canonical row.,"Real-work evaluation, including financial-professional-style tasks.",Core enterprise evaluation seed.
182,A,GDPval: Evaluating AI Model Performance on Real-World Economically Valuable Tasks,GDPval: Evaluating AI Model Performance on Real-World Economically Valuable Tasks,DUPLICATE_OR_VARIANT,MEDIUM,105,,,,,2510.04374,,,,,hcuEdq6eKD,,,,ARXIV:2510.04374,Search variant or duplicate of another row; identifiers inherited from canonical row.,Economically valuable task benchmark.,Important for enterprise task evaluation.
183,B,FinGPT: Open-Source Financial Large Language Models,FinGPT: Open-Source Financial Large Language Models,S2_RESOLVED,HIGH,,5dea206e2a36e672f197252bdd27d156d058f48c,259129734,https://www.semanticscholar.org/paper/5dea206e2a36e672f197252bdd27d156d058f48c,,2306.06031,,,,,,,,,CorpusID:259129734,No canonical identifier verified in this pass. Use the bulk resolver script to resolve via Semantic Scholar Graph API and title matching.,Open-source financial LLMs.,Expansion seed.
184,B,"PIXIU: A Large Language Model, Instruction Data and Evaluation Benchmark for Finance","PIXIU: A Large Language Model, Instruction Data and Evaluation Benchmark for Finance",S2_RESOLVED,HIGH,,109929be7890ef982fb3b6be0d78609cfab1ea13,259129602,https://www.semanticscholar.org/paper/109929be7890ef982fb3b6be0d78609cfab1ea13,,2306.05443,,,,,,,,,CorpusID:259129602,No canonical identifier verified in this pass. Use the bulk resolver script to resolve via Semantic Scholar Graph API and title matching.,Finance LLM and benchmark.,Expansion seed.
185,B,FinBench / FinanceBench: A New Benchmark for Financial Question Answering,FinanceBench: A New Benchmark for Financial Question Answering,EXTERNAL_ID_ONLY,MEDIUM,,,,,,2311.11944,,,,,,,,https://arxiv.org/abs/2311.11944,ARXIV:2311.11944,arXiv ID verified; S2 ID not captured in current pass.,Financial QA benchmark.,Important RAG/evaluation seed.
186,B,Can Large Language Models Beat Wall Street?,Can Large Language Models Beat Wall Street?,AMBIGUOUS_OR_CATEGORY,LOW,,,,,,,,,,,,,,,,Search phrase; not a unique paper.,Search variant; verify title/version.,Use for discovery.
187,B,Large Language Models in Finance: A Survey,Large Language Models in Finance: A Survey,S2_RESOLVED,HIGH,,5432b77bfb1dced97c5b1fc684b0fa7d0d84c424,265294420,https://www.semanticscholar.org/paper/5432b77bfb1dced97c5b1fc684b0fa7d0d84c424,,,,,,,,,,,CorpusID:265294420,No canonical identifier verified in this pass. Use the bulk resolver script to resolve via Semantic Scholar Graph API and title matching.,Broad survey seed.,Use to map finance LLM literature.
188,B,Generative AI in Financial Services,Generative AI in Financial Services,AMBIGUOUS_OR_CATEGORY,LOW,,,,,,,,,,,,,,,,Broad category/title.,Search/category seed.,"Pair with BIS, FSB, Fed, OCC, SEC, FINRA, and FCA/Bank of England publications."
189,C,The Curse of Recursion: Training on Generated Data Makes Models Forget,The Curse of Recursion: Training on Generated Data Makes Models Forget,DUPLICATE_OR_VARIANT,LOW,129,,,,,,,,,,,,,,,Search variant or duplicate of another row; identifiers inherited from canonical row.,Model-collapse / synthetic-data feedback issue.,Low-confidence Mollick attribution but important risk seed.
190,C,Model Collapse: Degenerative Dynamics in Generative Models Trained on Generated Data,Model Collapse: Degenerative Dynamics in Generative Models Trained on Generated Data,UNRESOLVED_LOOKUP_REQUIRED,LOW,,,,,,,,,,,,,,,,Known model-collapse paper/title; ID not resolved in current pass.,Model collapse.,Category seed.
191,C,AI Models Collapse When Trained on Recursively Generated Data,AI Models Collapse When Trained on Recursively Generated Data,UNRESOLVED_LOOKUP_REQUIRED,LOW,,,,,,,,,,,,,,,,Search/title variant; not resolved.,Search variant.,Category seed.
192,C,Self-Consuming Generative Models Go MAD,Self-Consuming Generative Models Go MAD,UNRESOLVED_LOOKUP_REQUIRED,LOW,,,,,,,,,,,,,,,,Known self-consuming model/MAD paper title; ID not resolved in current pass.,Synthetic-data feedback loop.,Category seed.
193,C,The Curse of Synthetic Data: Model Collapse,The Curse of Synthetic Data: Model Collapse,AMBIGUOUS_OR_CATEGORY,LOW,,,,,,,,,,,,,,,,Category/search phrase.,Search variant.,Category seed.
194,A,Sparks of Artificial General Intelligence: Early Experiments with GPT-4,Sparks of Artificial General Intelligence: Early Experiments with GPT-4,DUPLICATE_OR_VARIANT,HIGH,107,8dbd57469bb32e6d57f23f5e765bf1c9ac8e080c,257663729,https://www.semanticscholar.org/paper/8dbd57469bb32e6d57f23f5e765bf1c9ac8e080c,,2303.12712,,,,,,,,,CorpusID:257663729,Search variant or duplicate of another row; identifiers inherited from canonical row.,Early GPT-4 capability exploration.,Core frontier seed.
195,A,GPT-4 Technical Report,GPT-4 Technical Report,DUPLICATE_OR_VARIANT,HIGH,63,163b4d6a79a5b19af88b8585456363340d9efd04,,https://www.semanticscholar.org/paper/163b4d6a79a5b19af88b8585456363340d9efd04,,2303.08774,,,,,,,,,S2PaperID:163b4d6a79a5b19af88b8585456363340d9efd04,Search variant or duplicate of another row; identifiers inherited from canonical row.,Foundational GPT-4 report.,Core frontier seed.
196,A,The Llama 3 Herd of Models,The Llama 3 Herd of Models,DUPLICATE_OR_VARIANT,MEDIUM,49,,,,,2407.21783,,,,,,,,https://arxiv.org/abs/2407.21783,ARXIV:2407.21783,Search variant or duplicate of another row; identifiers inherited from canonical row.,Open model capability report.,Core open-model seed.
197,A,Algorithmic Progress in Language Models,Algorithmic Progress in Language Models,DUPLICATE_OR_VARIANT,MEDIUM,109,b772b02708a7625f1044e4d5805b6cfd30ffaa80,,https://www.semanticscholar.org/paper/b772b02708a7625f1044e4d5805b6cfd30ffaa80,,,,,,,,,,,S2PaperID:b772b02708a7625f1044e4d5805b6cfd30ffaa80,Search variant or duplicate of another row; identifiers inherited from canonical row.,Tracks progress over time.,Use for capability trend monitoring.
198,A,Thousands of AI Authors on the Future of AI,Thousands of AI Authors on the Future of AI,DUPLICATE_OR_VARIANT,HIGH,111,6f702f88f0d74a24f1ff06211975b30839ac2c58,266818160,https://www.semanticscholar.org/paper/6f702f88f0d74a24f1ff06211975b30839ac2c58,,2401.02843,,,,,,,,,CorpusID:266818160,Search variant or duplicate of another row; identifiers inherited from canonical row.,Expert survey on future AI.,Forecasting context.
199,B,GPQA: A Graduate-Level Google-Proof Q&A Benchmark,GPQA: A Graduate-Level Google-Proof Q&A Benchmark,DUPLICATE_OR_VARIANT,LOW,113,,,,,2311.12022,,,,,,,,,ARXIV:2311.12022,Search variant or duplicate of another row; identifiers inherited from canonical row.,Advanced reasoning benchmark.,Good frontier benchmark seed.
200,B,Humanity's Last Exam,Humanity's Last Exam,DUPLICATE_OR_VARIANT,LOW,112,,,,,,,,,,,,,,,Search variant or duplicate of another row; identifiers inherited from canonical row.,Difficult benchmark.,Verify current version and provenance.
201,B,Measuring Massive Multitask Language Understanding,Measuring Massive Multitask Language Understanding,EXTERNAL_ID_ONLY,MEDIUM,,,,,,2009.03300,,,,,,,,,ARXIV:2009.03300,Canonical MMLU arXiv ID; S2 ID not captured in current pass.,MMLU.,Baseline benchmark seed.
202,B,Beyond the Imitation Game: Quantifying and Extrapolating the Capabilities of Language Models,Beyond the Imitation Game: Quantifying and Extrapolating the Capabilities of Language Models,UNRESOLVED_LOOKUP_REQUIRED,LOW,,,,,,,,,,,,,,,,BIG-bench paper/title; ID not resolved in current pass.,BIG-bench.,Benchmark background.
203,B,Holistic Evaluation of Language Models,Holistic Evaluation of Language Models,UNRESOLVED_LOOKUP_REQUIRED,LOW,,,,,,,,,,,,,,,,HELM paper/title; ID not resolved in current pass.,HELM.,Evaluation framework seed.
204,B,Chatbot Arena: An Open Platform for Evaluating LLMs by Human Preference,Chatbot Arena: An Open Platform for Evaluating LLMs by Human Preference,UNRESOLVED_LOOKUP_REQUIRED,LOW,,,,,,,,,,,,,,,,Chatbot Arena/LMSYS paper title; ID not resolved in current pass.,Human-preference model comparison.,Useful but not a substitute for task-specific enterprise evaluation.
205,B,The Leaderboard Illusion,The Leaderboard Illusion,DUPLICATE_OR_VARIANT,MEDIUM,84,dc3b7ca920f25223101ba36227a894d37c238df1,,https://www.semanticscholar.org/paper/dc3b7ca920f25223101ba36227a894d37c238df1,,,,,,,,,,,S2PaperID:dc3b7ca920f25223101ba36227a894d37c238df1,Search variant or duplicate; identifiers inherited from canonical row.,Leaderboard critique.,Evaluation skepticism seed.
206,B,The Hallucination Leaderboard / Hallucination benchmark papers,The Hallucination Leaderboard / Hallucination benchmark papers,AMBIGUOUS_OR_CATEGORY,LOW,,,,,,,,,,,,,,,,Category/search phrase for hallucination benchmark papers/leaderboards.,Reliability and hallucination benchmarks.,Use as category seed.
